[     450ms] [ERROR] Failed to load resource: the server responded with a status of 404 () @ http://localhost:8080/favicon.ico:0
[     451ms] [ERROR] Failed to load resource: the server responded with a status of 504 (Outdated Optimize Dep) @ http://localhost:8080/node_modules/.vite/deps/react_jsx-dev-runtime.js?v=812b95d1:0
[     451ms] [ERROR] Failed to load resource: the server responded with a status of 504 (Outdated Optimize Dep) @ http://localhost:8080/node_modules/.vite/deps/react.js?v=812b95d1:0
[     451ms] [ERROR] Failed to load resource: the server responded with a status of 504 (Outdated Optimize Dep) @ http://localhost:8080/node_modules/.vite/deps/react-dom_client.js?v=812b95d1:0
[     452ms] Failed to fetch dynamically imported module: http://localhost:8080/@id/virtual:tanstack-start-client-entry
[   86606ms] [LOG] [vite] server connection lost. Polling for restart... @ http://localhost:8080/@vite/client:864
[   91975ms] [INFO] %cDownload the React DevTools for a better development experience: https://react.dev/link/react-devtools font-weight:bold @ http://localhost:8080/node_modules/.vite/deps/react-dom_client.js?v=49f067ba:20100
[   92349ms] [ERROR] A tree hydrated but some attributes of the server rendered HTML didn't match the client properties. This won't be patched up. This can happen if a SSR-ed Client Component used:

- A server/client branch `if (typeof window !== 'undefined')`.
- Variable input such as `Date.now()` or `Math.random()` which changes each time it's called.
- Date formatting in a user's locale which doesn't match the server.
- External changing data without sending a snapshot of it along with the HTML.
- Invalid HTML tag nesting.

It can also happen if the client has a browser extension installed which messes with the HTML before React loaded.

%s%s https://react.dev/link/hydration-mismatch 

  ...
    <SafeFragment fallback={null}>
      <SafeFragment getResetKey={function getResetKey} errorComponent={function ErrorComponent} ...>
        <SafeFragment fallback={function fallback}>
          <MatchInnerImpl matchId="//">
            <Lazy>
              <Presentation>
                <MouseGlow>
                <div ref={{current:null}} className="h-screen w..." style={{...}}>
                  <Hero>
                  <Hook>
                    <SlideShell id="slide-2">
                      <section id="slide-2" className="snap-start..." style={{...}}>
                        <div>
                        <Glow>
                        <Glow>
                        <div className="relative z...">
                          <div className="absolute i...">
                            <motion.div className="absolute w..." initial={{...}} animate={{y:[...], ...}} ...>
                              <div
                                className="absolute w-1 h-1 bg-[#E67E22] rounded-full"
                                style={{
+                                 opacity: 0.2
-                                 opacity: "0.2"
+                                 transform: "translateX(762.6812857137498px) translateY(658.450864183263px)"
-                                 transform: "none"
                                }}
                                ref={function}
                              >
                            <motion.div className="absolute w..." initial={{...}} animate={{y:[...], ...}} ...>
                              <div
                                className="absolute w-1 h-1 bg-[#E67E22] rounded-full"
                                style={{
+                                 opacity: 0.2
-                                 opacity: "0.2"
+                                 transform: "translateX(645.4490020708329px) translateY(622.797235708703px)"
-                                 transform: "none"
                                }}
                                ref={function}
                              >
                            <motion.div className="absolute w..." initial={{...}} animate={{y:[...], ...}} ...>
                              <div
                                className="absolute w-1 h-1 bg-[#E67E22] rounded-full"
                                style={{
+                                 opacity: 0.2
-                                 opacity: "0.2"
+                                 transform: "translateX(826.7284425898573px) translateY(560.8411405156475px)"
-                                 transform: "none"
                                }}
                                ref={function}
                              >
                            <motion.div className="absolute w..." initial={{...}} animate={{y:[...], ...}} ...>
                              <div
                                className="absolute w-1 h-1 bg-[#E67E22] rounded-full"
                                style={{
+                                 opacity: 0.2
-                                 opacity: "0.2"
+                                 transform: "translateX(553.5261481187965px) translateY(31.1799726508324px)"
-                                 transform: "none"
                                }}
                                ref={function}
                              >
                            <motion.div className="absolute w..." initial={{...}} animate={{y:[...], ...}} ...>
                              <div
                                className="absolute w-1 h-1 bg-[#E67E22] rounded-full"
                                style={{
+                                 opacity: 0.2
-                                 opacity: "0.2"
+                                 transform: "translateX(795.7155688293992px) translateY(153.19040655640063px)"
-                                 transform: "none"
                                }}
                                ref={function}
                              >
                            <motion.div className="absolute w..." initial={{...}} animate={{y:[...], ...}} ...>
                              <div
                                className="absolute w-1 h-1 bg-[#E67E22] rounded-full"
                                style={{
+                                 opacity: 0.2
-                                 opacity: "0.2"
+                                 transform: "translateX(496.4112792711621px) translateY(552.4742176993964px)"
-                                 transform: "none"
                                }}
                                ref={function}
                              >
                            <motion.div className="absolute w..." initial={{...}} animate={{y:[...], ...}} ...>
                              <div
                                className="absolute w-1 h-1 bg-[#E67E22] rounded-full"
                                style={{
+                                 opacity: 0.2
-                                 opacity: "0.2"
+                                 transform: "translateX(140.19974095728986px) translateY(121.45227084154092px)"
-                                 transform: "none"
                                }}
                                ref={function}
                              >
                            <motion.div className="absolute w..." initial={{...}} animate={{y:[...], ...}} ...>
                              <div
                                className="absolute w-1 h-1 bg-[#E67E22] rounded-full"
                                style={{
+                                 opacity: 0.2
-                                 opacity: "0.2"
+                                 transform: "translateX(103.66954741458784px) translateY(487.9699441827003px)"
-                                 transform: "none"
                                }}
                                ref={function}
                              >
                            <motion.div className="absolute w..." initial={{...}} animate={{y:[...], ...}} ...>
                              <div
                                className="absolute w-1 h-1 bg-[#E67E22] rounded-full"
                                style={{
+                                 opacity: 0.2
-                                 opacity: "0.2"
+                                 transform: "translateX(682.7095307060264px) translateY(907.211963686353px)"
-                                 transform: "none"
                                }}
                                ref={function}
                              >
                            <motion.div className="absolute w..." initial={{...}} animate={{y:[...], ...}} ...>
                              <div
                                className="absolute w-1 h-1 bg-[#E67E22] rounded-full"
                                style={{
+                                 opacity: 0.2
-                                 opacity: "0.2"
+                                 transform: "translateX(588.6556426702095px) translateY(150.7098758034083px)"
-                                 transform: "none"
                                }}
                                ref={function}
                              >
                            <motion.div className="absolute w..." initial={{...}} animate={{y:[...], ...}} ...>
                              <div
                                className="absolute w-1 h-1 bg-[#E67E22] rounded-full"
                                style={{
+                                 opacity: 0.2
-                                 opacity: "0.2"
+                                 transform: "translateX(693.7182887143675px) translateY(754.7541216893807px)"
-                                 transform: "none"
                                }}
                                ref={function}
                              >
                            <motion.div className="absolute w..." initial={{...}} animate={{y:[...], ...}} ...>
                              <div
                                className="absolute w-1 h-1 bg-[#E67E22] rounded-full"
                                style={{
+                                 opacity: 0.2
-                                 opacity: "0.2"
+                                 transform: "translateX(313.8159173818314px) translateY(881.1263853741906px)"
-                                 transform: "none"
                                }}
                                ref={function}
                              >
                            <motion.div className="absolute w..." initial={{...}} animate={{y:[...], ...}} ...>
                              <div
                                className="absolute w-1 h-1 bg-[#E67E22] rounded-full"
                                style={{
+                                 opacity: 0.2
-                                 opacity: "0.2"
+                                 transform: "translateX(603.8413026139822px) translateY(474.0655005073848px)"
-                                 transform: "none"
                                }}
                                ref={function}
                              >
                            <motion.div className="absolute w..." initial={{...}} animate={{y:[...], ...}} ...>
                              <div
                                className="absolute w-1 h-1 bg-[#E67E22] rounded-full"
                                style={{
+                                 opacity: 0.2
-                                 opacity: "0.2"
+                                 transform: "translateX(421.9513368899685px) translateY(707.5956255048357px)"
-                                 transform: "none"
                                }}
                                ref={function}
                              >
                            <motion.div className="absolute w..." initial={{...}} animate={{y:[...], ...}} ...>
                              <div
                                className="absolute w-1 h-1 bg-[#E67E22] rounded-full"
                                style={{
+                                 opacity: 0.2
-                                 opacity: "0.2"
+                                 transform: "translateX(876.3400569038728px) translateY(641.4929437488388px)"
-                                 transform: "none"
                                }}
                                ref={function}
                              >
                            <motion.div className="absolute w..." initial={{...}} animate={{y:[...], ...}} ...>
                              <div
                                className="absolute w-1 h-1 bg-[#E67E22] rounded-full"
                                style={{
+                                 opacity: 0.2
-                                 opacity: "0.2"
+                                 transform: "translateX(385.8053486570361px) translateY(371.099722686556px)"
-                                 transform: "none"
                                }}
                                ref={function}
                              >
                            <motion.div className="absolute w..." initial={{...}} animate={{y:[...], ...}} ...>
                              <div
                                className="absolute w-1 h-1 bg-[#E67E22] rounded-full"
                                style={{
+                                 opacity: 0.2
-                                 opacity: "0.2"
+                                 transform: "translateX(768.4839335061635px) translateY(700.9815068827127px)"
-                                 transform: "none"
                                }}
                                ref={function}
                              >
                            <motion.div className="absolute w..." initial={{...}} animate={{y:[...], ...}} ...>
                              <div
                                className="absolute w-1 h-1 bg-[#E67E22] rounded-full"
                                style={{
+                                 opacity: 0.2
-                                 opacity: "0.2"
+                                 transform: "translateX(775.9564886214117px) translateY(444.96221734520367px)"
-                                 transform: "none"
                                }}
                                ref={function}
                              >
                            <motion.div className="absolute w..." initial={{...}} animate={{y:[...], ...}} ...>
                              <div
                                className="absolute w-1 h-1 bg-[#E67E22] rounded-full"
                                style={{
+                                 opacity: 0.2
-                                 opacity: "0.2"
+                                 transform: "translateX(56.34496530839116px) translateY(718.0016905657773px)"
-                                 transform: "none"
                                }}
                                ref={function}
                              >
                            <motion.div className="absolute w..." initial={{...}} animate={{y:[...], ...}} ...>
                              <div
                                className="absolute w-1 h-1 bg-[#E67E22] rounded-full"
                                style={{
+                                 opacity: 0.2
-                                 opacity: "0.2"
+                                 transform: "translateX(610.1676546593991px) translateY(779.921705887146px)"
-                                 transform: "none"
                                }}
                                ref={function}
                              >
                          ...
                  <Smart>
                  <Methodology>
                    <SlideShell id="slide-4">
                      <section id="slide-4" className="snap-start..." style={{...}}>
                        <div>
                        <Glow>
                        <Glow>
                        <div className="relative z...">
                          <div className="absolute i...">
                            <motion.div className="absolute w..." style={{...}} initial={{...}} animate={{y:[...], ...}} ...>
                              <div
                                className="absolute w-1 h-1 rounded-full"
                                style={{
+                                 backgroundColor: "#E67E22"
+                                 opacity: 0.4
-                                 opacity: "0.4"
+                                 transform: "translateX(248.0473035159282px) translateY(804.5882704997352px)"
-                                 transform: "none"
-                                 background-color: "rgb(230, 126, 34)"
                                }}
                                ref={function}
                              >
                            <motion.div className="absolute w..." style={{...}} initial={{...}} animate={{y:[...], ...}} ...>
                              <div
                                className="absolute w-1 h-1 rounded-full"
                                style={{
+                                 backgroundColor: "#E67E22"
+                                 opacity: 0.4
-                                 opacity: "0.4"
+                                 transform: "translateX(830.9718867926919px) translateY(653.3730922918597px)"
-                                 transform: "none"
-                                 background-color: "rgb(230, 126, 34)"
                                }}
                                ref={function}
                              >
                            <motion.div className="absolute w..." style={{...}} initial={{...}} animate={{y:[...], ...}} ...>
                              <div
                                className="absolute w-1 h-1 rounded-full"
                                style={{
+                                 backgroundColor: "#E67E22"
+                                 opacity: 0.4
-                                 opacity: "0.4"
+                                 transform: "translateX(290.4158938026877px) translateY(553.0958713216331px)"
-                                 transform: "none"
-                                 background-color: "rgb(230, 126, 34)"
                                }}
                                ref={function}
                              >
                            <motion.div className="absolute w..." style={{...}} initial={{...}} animate={{y:[...], ...}} ...>
                              <div
                                className="absolute w-1 h-1 rounded-full"
                                style={{
+                                 backgroundColor: "#E67E22"
+                                 opacity: 0.4
-                                 opacity: "0.4"
+                                 transform: "translateX(487.5204129332557px) translateY(362.3252807031672px)"
-                                 transform: "none"
-                                 background-color: "rgb(230, 126, 34)"
                                }}
                                ref={function}
                              >
                            <motion.div className="absolute w..." style={{...}} initial={{...}} animate={{y:[...], ...}} ...>
                              <div
                                className="absolute w-1 h-1 rounded-full"
                                style={{
+                                 backgroundColor: "#E67E22"
+                                 opacity: 0.4
-                                 opacity: "0.4"
+                                 transform: "translateX(427.5537773204866px) translateY(123.08169895880233px)"
-                                 transform: "none"
-                                 background-color: "rgb(230, 126, 34)"
                                }}
                                ref={function}
                              >
                            <motion.div className="absolute w..." style={{...}} initial={{...}} animate={{y:[...], ...}} ...>
                              <div
                                className="absolute w-1 h-1 rounded-full"
                                style={{
+                                 backgroundColor: "#E67E22"
+                                 opacity: 0.4
-                                 opacity: "0.4"
+                                 transform: "translateX(602.2442893053163px) translateY(266.5408913802659px)"
-                                 transform: "none"
-                                 background-color: "rgb(230, 126, 34)"
                                }}
                                ref={function}
                              >
                            <motion.div className="absolute w..." style={{...}} initial={{...}} animate={{y:[...], ...}} ...>
                              <div
                                className="absolute w-1 h-1 rounded-full"
                                style={{
+                                 backgroundColor: "#E67E22"
+                                 opacity: 0.4
-                                 opacity: "0.4"
+                                 transform: "translateX(316.9818291384332px) translateY(893.0679180012273px)"
-                                 transform: "none"
-                                 background-color: "rgb(230, 126, 34)"
                                }}
                                ref={function}
                              >
                            <motion.div className="absolute w..." style={{...}} initial={{...}} animate={{y:[...], ...}} ...>
                              <div
                                className="absolute w-1 h-1 rounded-full"
                                style={{
+                                 backgroundColor: "#E67E22"
+                                 opacity: 0.4
-                                 opacity: "0.4"
+                                 transform: "translateX(606.821238996956px) translateY(764.8135505318174px)"
-                                 transform: "none"
-                                 background-color: "rgb(230, 126, 34)"
                                }}
                                ref={function}
                              >
                            <motion.div className="absolute w..." style={{...}} initial={{...}} animate={{y:[...], ...}} ...>
                              <div
                                className="absolute w-1 h-1 rounded-full"
                                style={{
+                                 backgroundColor: "#E67E22"
+                                 opacity: 0.4
-                                 opacity: "0.4"
+                                 transform: "translateX(601.6648867062767px) translateY(176.58080890092452px)"
-                                 transform: "none"
-                                 background-color: "rgb(230, 126, 34)"
                                }}
                                ref={function}
                              >
                            <motion.div className="absolute w..." style={{...}} initial={{...}} animate={{y:[...], ...}} ...>
                              <div
                                className="absolute w-1 h-1 rounded-full"
                                style={{
+                                 backgroundColor: "#E67E22"
+                                 opacity: 0.4
-                                 opacity: "0.4"
+                                 transform: "translateX(784.6199987347658px) translateY(89.65776710621587px)"
-                                 transform: "none"
-                                 background-color: "rgb(230, 126, 34)"
                                }}
                                ref={function}
                              >
                            <motion.div className="absolute w..." style={{...}} initial={{...}} animate={{y:[...], ...}} ...>
                              <div
                                className="absolute w-1 h-1 rounded-full"
                                style={{
+                                 backgroundColor: "#E67E22"
+                                 opacity: 0.4
-                                 opacity: "0.4"
+                                 transform: "translateX(920.1189434299271px) translateY(788.1024577155134px)"
-                                 transform: "none"
-                                 background-color: "rgb(230, 126, 34)"
                                }}
                                ref={function}
                              >
                            <motion.div className="absolute w..." style={{...}} initial={{...}} animate={{y:[...], ...}} ...>
                              <div
                                className="absolute w-1 h-1 rounded-full"
                                style={{
+                                 backgroundColor: "#E67E22"
+                                 opacity: 0.4
-                                 opacity: "0.4"
+                                 transform: "translateX(611.4750045008863px) translateY(89.78887117129615px)"
-                                 transform: "none"
-                                 background-color: "rgb(230, 126, 34)"
                                }}
                                ref={function}
                              >
                          ...
                  <Budget>
                    <SlideShell id="slide-5">
                      <section id="slide-5" className="snap-start..." style={{...}}>
                        <div>
                        <Glow>
                        <Glow>
                        <div className="relative z...">
                          <div className="absolute i...">
                            <motion.div className="absolute w..." style={{...}} initial={{...}} animate={{y:[...], ...}} ...>
                              <div
                                className="absolute w-1 h-1 rounded-full"
                                style={{
+                                 backgroundColor: "#E67E22"
+                                 opacity: 0.3
-                                 opacity: "0.3"
+                                 transform: "translateX(589.0300121400709px) translateY(764.835221074423px)"
-                                 transform: "none"
-                                 background-color: "rgb(230, 126, 34)"
                                }}
                                ref={function}
                              >
                            <motion.div className="absolute w..." style={{...}} initial={{...}} animate={{y:[...], ...}} ...>
                              <div
                                className="absolute w-1 h-1 rounded-full"
                                style={{
+                                 backgroundColor: "#E67E22"
+                                 opacity: 0.3
-                                 opacity: "0.3"
+                                 transform: "translateX(902.1734633324119px) translateY(225.15357059409538px)"
-                                 transform: "none"
-                                 background-color: "rgb(230, 126, 34)"
                                }}
                                ref={function}
                              >
                            <motion.div className="absolute w..." style={{...}} initial={{...}} animate={{y:[...], ...}} ...>
                              <div
                                className="absolute w-1 h-1 rounded-full"
                                style={{
+                                 backgroundColor: "#E67E22"
+                                 opacity: 0.3
-                                 opacity: "0.3"
+                                 transform: "translateX(172.8693865015892px) translateY(413.6326685767763px)"
-                                 transform: "none"
-                                 background-color: "rgb(230, 126, 34)"
                                }}
                                ref={function}
                              >
                            <motion.div className="absolute w..." style={{...}} initial={{...}} animate={{y:[...], ...}} ...>
                              <div
                                className="absolute w-1 h-1 rounded-full"
                                style={{
+                                 backgroundColor: "#E67E22"
+                                 opacity: 0.3
-                                 opacity: "0.3"
+                                 transform: "translateX(148.89285156623626px) translateY(566.7240432148012px)"
-                                 transform: "none"
-                                 background-color: "rgb(230, 126, 34)"
                                }}
                                ref={function}
                              >
                            <motion.div className="absolute w..." style={{...}} initial={{...}} animate={{y:[...], ...}} ...>
                              <div
                                className="absolute w-1 h-1 rounded-full"
                                style={{
+                                 backgroundColor: "#E67E22"
+                                 opacity: 0.3
-                                 opacity: "0.3"
+                                 transform: "translateX(79.67929889443707px) translateY(348.9662275178917px)"
-                                 transform: "none"
-                                 background-color: "rgb(230, 126, 34)"
                                }}
                                ref={function}
                              >
                            <motion.div className="absolute w..." style={{...}} initial={{...}} animate={{y:[...], ...}} ...>
                              <div
                                className="absolute w-1 h-1 rounded-full"
                                style={{
+                                 backgroundColor: "#E67E22"
+                                 opacity: 0.3
-                                 opacity: "0.3"
+                                 transform: "translateX(595.8346303497101px) translateY(650.6396013352387px)"
-                                 transform: "none"
-                                 background-color: "rgb(230, 126, 34)"
                                }}
                                ref={function}
                              >
                            <motion.div className="absolute w..." style={{...}} initial={{...}} animate={{y:[...], ...}} ...>
                              <div
                                className="absolute w-1 h-1 rounded-full"
                                style={{
+                                 backgroundColor: "#E67E22"
+                                 opacity: 0.3
-                                 opacity: "0.3"
+                                 transform: "translateX(130.27613324981985px) translateY(306.04307304870315px)"
-                                 transform: "none"
-                                 background-color: "rgb(230, 126, 34)"
                                }}
                                ref={function}
                              >
                            <motion.div className="absolute w..." style={{...}} initial={{...}} animate={{y:[...], ...}} ...>
                              <div
                                className="absolute w-1 h-1 rounded-full"
                                style={{
+                                 backgroundColor: "#E67E22"
+                                 opacity: 0.3
-                                 opacity: "0.3"
+                                 transform: "translateX(59.688655496592375px) translateY(295.8087339054097px)"
-                                 transform: "none"
-                                 background-color: "rgb(230, 126, 34)"
                                }}
                                ref={function}
                              >
                            <motion.div className="absolute w..." style={{...}} initial={{...}} animate={{y:[...], ...}} ...>
                              <div
                                className="absolute w-1 h-1 rounded-full"
                                style={{
+                                 backgroundColor: "#E67E22"
+                                 opacity: 0.3
-                                 opacity: "0.3"
+                                 transform: "translateX(727.3545231710141px) translateY(342.160112650759px)"
-                                 transform: "none"
-                                 background-color: "rgb(230, 126, 34)"
                                }}
                                ref={function}
                              >
                            <motion.div className="absolute w..." style={{...}} initial={{...}} animate={{y:[...], ...}} ...>
                              <div
                                className="absolute w-1 h-1 rounded-full"
                                style={{
+                                 backgroundColor: "#E67E22"
+                                 opacity: 0.3
-                                 opacity: "0.3"
+                                 transform: "translateX(251.10550381084082px) translateY(713.7995864346526px)"
-                                 transform: "none"
-                                 background-color: "rgb(230, 126, 34)"
                                }}
                                ref={function}
                              >
                            <motion.div className="absolute w..." style={{...}} initial={{...}} animate={{y:[...], ...}} ...>
                              <div
                                className="absolute w-1 h-1 rounded-full"
                                style={{
+                                 backgroundColor: "#E67E22"
+                                 opacity: 0.3
-                                 opacity: "0.3"
+                                 transform: "translateX(724.8207333200279px) translateY(195.94344117290422px)"
-                                 transform: "none"
-                                 background-color: "rgb(230, 126, 34)"
                                }}
                                ref={function}
                              >
                            <motion.div className="absolute w..." style={{...}} initial={{...}} animate={{y:[...], ...}} ...>
                              <div
                                className="absolute w-1 h-1 rounded-full"
                                style={{
+                                 backgroundColor: "#E67E22"
+                                 opacity: 0.3
-                                 opacity: "0.3"
+                                 transform: "translateX(70.04098640586558px) translateY(815.4651935025156px)"
-                                 transform: "none"
-                                 background-color: "rgb(230, 126, 34)"
                                }}
                                ref={function}
                              >
                            <motion.div className="absolute w..." style={{...}} initial={{...}} animate={{y:[...], ...}} ...>
                              <div
                                className="absolute w-1 h-1 rounded-full"
                                style={{
+                                 backgroundColor: "#E67E22"
+                                 opacity: 0.3
-                                 opacity: "0.3"
+                                 transform: "translateX(596.9766357978228px) translateY(774.15880385632px)"
-                                 transform: "none"
-                                 background-color: "rgb(230, 126, 34)"
                                }}
                                ref={function}
                              >
                            <motion.div className="absolute w..." style={{...}} initial={{...}} animate={{y:[...], ...}} ...>
                              <div
                                className="absolute w-1 h-1 rounded-full"
                                style={{
+                                 backgroundColor: "#E67E22"
+                                 opacity: 0.3
-                                 opacity: "0.3"
+                                 transform: "translateX(377.412523742485px) translateY(734.3662735438388px)"
-                                 transform: "none"
-                                 background-color: "rgb(230, 126, 34)"
                                }}
                                ref={function}
                              >
                            <motion.div className="absolute w..." style={{...}} initial={{...}} animate={{y:[...], ...}} ...>
                              <div
                                className="absolute w-1 h-1 rounded-full"
                                style={{
+                                 backgroundColor: "#E67E22"
+                                 opacity: 0.3
-                                 opacity: "0.3"
+                                 transform: "translateX(156.70847206115286px) translateY(711.1826140772788px)"
-                                 transform: "none"
-                                 background-color: "rgb(230, 126, 34)"
                                }}
                                ref={function}
                              >
                          ...
                  <SmartAppFeatures>
                    <SlideShell id="slide-feat...">
                      <section id="slide-feat..." className="snap-start..." style={{...}}>
                        <div>
                        <Glow>
                        <Glow>
                        <div className="relative z...">
                          <div className="absolute i...">
                            <motion.div className="absolute w..." style={{...}} initial={{...}} animate={{y:[...], ...}} ...>
                              <div
                                className="absolute w-1 h-1 rounded-full"
                                style={{
+                                 backgroundColor: "#E67E22"
+                                 opacity: 0.2
-                                 opacity: "0.2"
+                                 transform: "translateX(740.2490721049979px) translateY(148.87094145849773px)"
-                                 transform: "none"
-                                 background-color: "rgb(230, 126, 34)"
                                }}
                                ref={function}
                              >
                            <motion.div className="absolute w..." style={{...}} initial={{...}} animate={{y:[...], ...}} ...>
                              <div
                                className="absolute w-1 h-1 rounded-full"
                                style={{
+                                 backgroundColor: "#E67E22"
+                                 opacity: 0.2
-                                 opacity: "0.2"
+                                 transform: "translateX(96.41049608537364px) translateY(472.33993816826074px)"
-                                 transform: "none"
-                                 background-color: "rgb(230, 126, 34)"
                                }}
                                ref={function}
                              >
                            <motion.div className="absolute w..." style={{...}} initial={{...}} animate={{y:[...], ...}} ...>
                              <div
                                className="absolute w-1 h-1 rounded-full"
                                style={{
+                                 backgroundColor: "#E67E22"
+                                 opacity: 0.2
-                                 opacity: "0.2"
+                                 transform: "translateX(868.8493316972248px) translateY(83.81635393602009px)"
-                                 transform: "none"
-                                 background-color: "rgb(230, 126, 34)"
                                }}
                                ref={function}
                              >
                            <motion.div className="absolute w..." style={{...}} initial={{...}} animate={{y:[...], ...}} ...>
                              <div
                                className="absolute w-1 h-1 rounded-full"
                                style={{
+                                 backgroundColor: "#E67E22"
+                                 opacity: 0.2
-                                 opacity: "0.2"
+                                 transform: "translateX(579.557267440632px) translateY(191.64003963821338px)"
-                                 transform: "none"
-                                 background-color: "rgb(230, 126, 34)"
                                }}
                                ref={function}
                              >
                            <motion.div className="absolute w..." style={{...}} initial={{...}} animate={{y:[...], ...}} ...>
                              <div
                                className="absolute w-1 h-1 rounded-full"
                                style={{
+                                 backgroundColor: "#E67E22"
+                                 opacity: 0.2
-                                 opacity: "0.2"
+                                 transform: "translateX(785.4249052386971px) translateY(510.00558225870884px)"
-                                 transform: "none"
-                                 background-color: "rgb(230, 126, 34)"
                                }}
                                ref={function}
                              >
                            <motion.div className="absolute w..." style={{...}} initial={{...}} animate={{y:[...], ...}} ...>
                              <div
                                className="absolute w-1 h-1 rounded-full"
                                style={{
+                                 backgroundColor: "#E67E22"
+                                 opacity: 0.2
-                                 opacity: "0.2"
+                                 transform: "translateX(246.33823953819635px) translateY(464.84281164731675px)"
-                                 transform: "none"
-                                 background-color: "rgb(230, 126, 34)"
                                }}
                                ref={function}
                              >
                            <motion.div className="absolute w..." style={{...}} initial={{...}} animate={{y:[...], ...}} ...>
                              <div
                                className="absolute w-1 h-1 rounded-full"
                                style={{
+                                 backgroundColor: "#E67E22"
+                                 opacity: 0.2
-                                 opacity: "0.2"
+                                 transform: "translateX(175.07555489081466px) translateY(265.9285858721284px)"
-                                 transform: "none"
-                                 background-color: "rgb(230, 126, 34)"
                                }}
                                ref={function}
                              >
                            <motion.div className="absolute w..." style={{...}} initial={{...}} animate={{y:[...], ...}} ...>
                              <div
                                className="absolute w-1 h-1 rounded-full"
                                style={{
+                                 backgroundColor: "#E67E22"
+                                 opacity: 0.2
-                                 opacity: "0.2"
+                                 transform: "translateX(547.7813495659539px) translateY(543.722493549981px)"
-                                 transform: "none"
-                                 background-color: "rgb(230, 126, 34)"
                                }}
                                ref={function}
                              >
                            <motion.div className="absolute w..." style={{...}} initial={{...}} animate={{y:[...], ...}} ...>
                              <div
                                className="absolute w-1 h-1 rounded-full"
                                style={{
+                                 backgroundColor: "#E67E22"
+                                 opacity: 0.2
-                                 opacity: "0.2"
+                                 transform: "translateX(797.829930208152px) translateY(139.18056767550993px)"
-                                 transform: "none"
-                                 background-color: "rgb(230, 126, 34)"
                                }}
                                ref={function}
                              >
                            <motion.div className="absolute w..." style={{...}} initial={{...}} animate={{y:[...], ...}} ...>
                              <div
                                className="absolute w-1 h-1 rounded-full"
                                style={{
+                                 backgroundColor: "#E67E22"
+                                 opacity: 0.2
-                                 opacity: "0.2"
+                                 transform: "translateX(30.15241714006995px) translateY(723.8460241902377px)"
-                                 transform: "none"
-                                 background-color: "rgb(230, 126, 34)"
                                }}
                                ref={function}
                              >
                            <motion.div className="absolute w..." style={{...}} initial={{...}} animate={{y:[...], ...}} ...>
                              <div
                                className="absolute w-1 h-1 rounded-full"
                                style={{
+                                 backgroundColor: "#E67E22"
+                                 opacity: 0.2
-                                 opacity: "0.2"
+                                 transform: "translateX(63.61971130309023px) translateY(889.121535234747px)"
-                                 transform: "none"
-                                 background-color: "rgb(230, 126, 34)"
                                }}
                                ref={function}
                              >
                            <motion.div className="absolute w..." style={{...}} initial={{...}} animate={{y:[...], ...}} ...>
                              <div
                                className="absolute w-1 h-1 rounded-full"
                                style={{
+                                 backgroundColor: "#E67E22"
+                                 opacity: 0.2
-                                 opacity: "0.2"
+                                 transform: "translateX(758.4640898302993px) translateY(379.769877385867px)"
-                                 transform: "none"
-                                 background-color: "rgb(230, 126, 34)"
                                }}
                                ref={function}
                              >
                            <motion.div className="absolute w..." style={{...}} initial={{...}} animate={{y:[...], ...}} ...>
                              <div
                                className="absolute w-1 h-1 rounded-full"
                                style={{
+                                 backgroundColor: "#E67E22"
+                                 opacity: 0.2
-                                 opacity: "0.2"
+                                 transform: "translateX(674.78364218449px) translateY(6.7463684044212355px)"
-                                 transform: "none"
-                                 background-color: "rgb(230, 126, 34)"
                                }}
                                ref={function}
                              >
                            <motion.div className="absolute w..." style={{...}} initial={{...}} animate={{y:[...], ...}} ...>
                              <div
                                className="absolute w-1 h-1 rounded-full"
                                style={{
+                                 backgroundColor: "#E67E22"
+                                 opacity: 0.2
-                                 opacity: "0.2"
+                                 transform: "translateX(499.4649461445756px) translateY(899.7361944779548px)"
-                                 transform: "none"
-                                 background-color: "rgb(230, 126, 34)"
                                }}
                                ref={function}
                              >
                            <motion.div className="absolute w..." style={{...}} initial={{...}} animate={{y:[...], ...}} ...>
                              <div
                                className="absolute w-1 h-1 rounded-full"
                                style={{
+                                 backgroundColor: "#E67E22"
+                                 opacity: 0.2
-                                 opacity: "0.2"
+                                 transform: "translateX(177.272075748434px) translateY(134.8885910942755px)"
-                                 transform: "none"
-                                 background-color: "rgb(230, 126, 34)"
                                }}
                                ref={function}
                              >
                          ...
                  <UserJourney>
                    <SlideShell id="slide-6">
                      <section id="slide-6" className="snap-start..." style={{...}}>
                        <div>
                        <Glow>
                        <Glow>
                        <div className="relative z...">
                          <div className="absolute i...">
                            <motion.div className="absolute w..." style={{...}} initial={{...}} animate={{y:[...], ...}} ...>
                              <div
                                className="absolute w-1 h-1 rounded-full"
                                style={{
+                                 backgroundColor: "#E67E22"
+                                 opacity: 0.3
-                                 opacity: "0.3"
+                                 transform: "translateX(246.11665748265165px) translateY(366.72285719799874px)"
-                                 transform: "none"
-                                 background-color: "rgb(230, 126, 34)"
                                }}
                                ref={function}
                              >
                            <motion.div className="absolute w..." style={{...}} initial={{...}} animate={{y:[...], ...}} ...>
                              <div
                                className="absolute w-1 h-1 rounded-full"
                                style={{
+                                 backgroundColor: "#E67E22"
+                                 opacity: 0.3
-                                 opacity: "0.3"
+                                 transform: "translateX(377.4355560390638px) translateY(321.89353931139414px)"
-                                 transform: "none"
-                                 background-color: "rgb(230, 126, 34)"
                                }}
                                ref={function}
                              >
                            <motion.div className="absolute w..." style={{...}} initial={{...}} animate={{y:[...], ...}} ...>
                              <div
                                className="absolute w-1 h-1 rounded-full"
                                style={{
+                                 backgroundColor: "#E67E22"
+                                 opacity: 0.3
-                                 opacity: "0.3"
+                                 transform: "translateX(770.1903198314644px) translateY(576.3510498307933px)"
-                                 transform: "none"
-                                 background-color: "rgb(230, 126, 34)"
                                }}
                                ref={function}
                              >
                            <motion.div className="absolute w..." style={{...}} initial={{...}} animate={{y:[...], ...}} ...>
                              <div
                                className="absolute w-1 h-1 rounded-full"
                                style={{
+                                 backgroundColor: "#E67E22"
+                                 opacity: 0.3
-                                 opacity: "0.3"
+                                 transform: "translateX(349.47473466695715px) translateY(459.12694627620004px)"
-                                 transform: "none"
-                                 background-color: "rgb(230, 126, 34)"
                                }}
                                ref={function}
                              >
                            <motion.div className="absolute w..." style={{...}} initial={{...}} animate={{y:[...], ...}} ...>
                              <div
                                className="absolute w-1 h-1 rounded-full"
                                style={{
+                                 backgroundColor: "#E67E22"
+                                 opacity: 0.3
-                                 opacity: "0.3"
+                                 transform: "translateX(135.34686644639729px) translateY(276.445184188482px)"
-                                 transform: "none"
-                                 background-color: "rgb(230, 126, 34)"
                                }}
                                ref={function}
                              >
                            <motion.div className="absolute w..." style={{...}} initial={{...}} animate={{y:[...], ...}} ...>
                              <div
                                className="absolute w-1 h-1 rounded-full"
                                style={{
+                                 backgroundColor: "#E67E22"
+                                 opacity: 0.3
-                                 opacity: "0.3"
+                                 transform: "translateX(505.8357668612322px) translateY(417.70943027350415px)"
-                                 transform: "none"
-                                 background-color: "rgb(230, 126, 34)"
                                }}
                                ref={function}
                              >
                            <motion.div className="absolute w..." style={{...}} initial={{...}} animate={{y:[...], ...}} ...>
                              <div
                                className="absolute w-1 h-1 rounded-full"
                                style={{
+                                 backgroundColor: "#E67E22"
+                                 opacity: 0.3
-                                 opacity: "0.3"
+                                 transform: "translateX(610.2817968666682px) translateY(85.23870310103452px)"
-                                 transform: "none"
-                                 background-color: "rgb(230, 126, 34)"
                                }}
                                ref={function}
                              >
                            <motion.div className="absolute w..." style={{...}} initial={{...}} animate={{y:[...], ...}} ...>
                              <div
                                className="absolute w-1 h-1 rounded-full"
                                style={{
+                                 backgroundColor: "#E67E22"
+                                 opacity: 0.3
-                                 opacity: "0.3"
+                                 transform: "translateX(480.4610910494846px) translateY(310.8819311747319px)"
-                                 transform: "none"
-                                 background-color: "rgb(230, 126, 34)"
                                }}
                                ref={function}
                              >
                            <motion.div className="absolute w..." style={{...}} initial={{...}} animate={{y:[...], ...}} ...>
                              <div
                                className="absolute w-1 h-1 rounded-full"
                                style={{
+                                 backgroundColor: "#E67E22"
+                                 opacity: 0.3
-                                 opacity: "0.3"
+                                 transform: "translateX(239.36042882450022px) translateY(75.199836192386px)"
-                                 transform: "none"
-                                 background-color: "rgb(230, 126, 34)"
                                }}
                                ref={function}
                              >
                            <motion.div className="absolute w..." style={{...}} initial={{...}} animate={{y:[...], ...}} ...>
                              <div
                                className="absolute w-1 h-1 rounded-full"
                                style={{
+                                 backgroundColor: "#E67E22"
+                                 opacity: 0.3
-                                 opacity: "0.3"
+                                 transform: "translateX(47.22158565191508px) translateY(732.283476598557px)"
-                                 transform: "none"
-                                 background-color: "rgb(230, 126, 34)"
                                }}
                                ref={function}
                              >
                            <motion.div className="absolute w..." style={{...}} initial={{...}} animate={{y:[...], ...}} ...>
                              <div
                                className="absolute w-1 h-1 rounded-full"
                                style={{
+                                 backgroundColor: "#E67E22"
+                                 opacity: 0.3
-                                 opacity: "0.3"
+                                 transform: "translateX(226.26719769357496px) translateY(427.1082181084841px)"
-                                 transform: "none"
-                                 background-color: "rgb(230, 126, 34)"
                                }}
                                ref={function}
                              >
                            <motion.div className="absolute w..." style={{...}} initial={{...}} animate={{y:[...], ...}} ...>
                              <div
                                className="absolute w-1 h-1 rounded-full"
                                style={{
+                                 backgroundColor: "#E67E22"
+                                 opacity: 0.3
-                                 opacity: "0.3"
+                                 transform: "translateX(312.08215018594433px) translateY(910.2741965821939px)"
-                                 transform: "none"
-                                 background-color: "rgb(230, 126, 34)"
                                }}
                                ref={function}
                              >
                            <motion.div className="absolute w..." style={{...}} initial={{...}} animate={{y:[...], ...}} ...>
                              <div
                                className="absolute w-1 h-1 rounded-full"
                                style={{
+                                 backgroundColor: "#E67E22"
+                                 opacity: 0.3
-                                 opacity: "0.3"
+                                 transform: "translateX(282.7310056383454px) translateY(24.759154237775807px)"
-                                 transform: "none"
-                                 background-color: "rgb(230, 126, 34)"
                                }}
                                ref={function}
                              >
                            <motion.div className="absolute w..." style={{...}} initial={{...}} animate={{y:[...], ...}} ...>
                              <div
                                className="absolute w-1 h-1 rounded-full"
                                style={{
+                                 backgroundColor: "#E67E22"
+                                 opacity: 0.3
-                                 opacity: "0.3"
+                                 transform: "translateX(525.7932068767565px) translateY(757.7988685272401px)"
-                                 transform: "none"
-                                 background-color: "rgb(230, 126, 34)"
                                }}
                                ref={function}
                              >
                            <motion.div className="absolute w..." style={{...}} initial={{...}} animate={{y:[...], ...}} ...>
                              <div
                                className="absolute w-1 h-1 rounded-full"
                                style={{
+                                 backgroundColor: "#E67E22"
+                                 opacity: 0.3
-                                 opacity: "0.3"
+                                 transform: "translateX(357.0327127036678px) translateY(268.94527495448233px)"
-                                 transform: "none"
-                                 background-color: "rgb(230, 126, 34)"
                                }}
                                ref={function}
                              >
                            <motion.div className="absolute w..." style={{...}} initial={{...}} animate={{y:[...], ...}} ...>
                              <div
                                className="absolute w-1 h-1 rounded-full"
                                style={{
+                                 backgroundColor: "#E67E22"
+                                 opacity: 0.3
-                                 opacity: "0.3"
+                                 transform: "translateX(866.8731712181826px) translateY(290.0524625466359px)"
-                                 transform: "none"
-                                 background-color: "rgb(230, 126, 34)"
                                }}
                                ref={function}
                              >
                            <motion.div className="absolute w..." style={{...}} initial={{...}} animate={{y:[...], ...}} ...>
                              <div
                                className="absolute w-1 h-1 rounded-full"
                                style={{
+                                 backgroundColor: "#E67E22"
+                                 opacity: 0.3
-                                 opacity: "0.3"
+                                 transform: "translateX(534.3863404600673px) translateY(101.87955242411101px)"
-                                 transform: "none"
-                                 background-color: "rgb(230, 126, 34)"
                                }}
                                ref={function}
                              >
                            <motion.div className="absolute w..." style={{...}} initial={{...}} animate={{y:[...], ...}} ...>
                              <div
                                className="absolute w-1 h-1 rounded-full"
                                style={{
+                                 backgroundColor: "#E67E22"
+                                 opacity: 0.3
-                                 opacity: "0.3"
+                                 transform: "translateX(595.2433102849343px) translateY(459.348909989426px)"
-                                 transform: "none"
-                                 background-color: "rgb(230, 126, 34)"
                                }}
                                ref={function}
                              >
                            <motion.div className="absolute w..." style={{...}} initial={{...}} animate={{y:[...], ...}} ...>
                              <div
                                className="absolute w-1 h-1 rounded-full"
                                style={{
+                                 backgroundColor: "#E67E22"
+                                 opacity: 0.3
-                                 opacity: "0.3"
+                                 transform: "translateX(712.142822723765px) translateY(337.78484522365375px)"
-                                 transform: "none"
-                                 background-color: "rgb(230, 126, 34)"
                                }}
                                ref={function}
                              >
                            <motion.div className="absolute w..." style={{...}} initial={{...}} animate={{y:[...], ...}} ...>
                              <div
                                className="absolute w-1 h-1 rounded-full"
                                style={{
+                                 backgroundColor: "#E67E22"
+                                 opacity: 0.3
-                                 opacity: "0.3"
+                                 transform: "translateX(128.51976554965825px) translateY(97.32116564425051px)"
-                                 transform: "none"
-                                 background-color: "rgb(230, 126, 34)"
                                }}
                                ref={function}
                              >
                          ...
                  <RiskAssessment>
                    <SlideShell id="slide-7">
                      <section id="slide-7" className="snap-start..." style={{...}}>
                        <div>
                        <Glow>
                        <Glow>
                        <div className="relative z...">
                          <div className="absolute i...">
                            <motion.div className="absolute w..." style={{...}} initial={{...}} animate={{y:[...], ...}} ...>
                              <div
                                className="absolute w-1 h-1 rounded-full"
                                style={{
+                                 backgroundColor: "#E67E22"
+                                 opacity: 0.3
-                                 opacity: "0.3"
+                                 transform: "translateX(380.941608865754px) translateY(470.23683330397154px)"
-                                 transform: "none"
-                                 background-color: "rgb(230, 126, 34)"
                                }}
                                ref={function}
                              >
                            <motion.div className="absolute w..." style={{...}} initial={{...}} animate={{y:[...], ...}} ...>
                              <div
                                className="absolute w-1 h-1 rounded-full"
                                style={{
+                                 backgroundColor: "#E67E22"
+                                 opacity: 0.3
-                                 opacity: "0.3"
+                                 transform: "translateX(848.4135901505841px) translateY(87.56903890991109px)"
-                                 transform: "none"
-                                 background-color: "rgb(230, 126, 34)"
                                }}
                                ref={function}
                              >
                            <motion.div className="absolute w..." style={{...}} initial={{...}} animate={{y:[...], ...}} ...>
                              <div
                                className="absolute w-1 h-1 rounded-full"
                                style={{
+                                 backgroundColor: "#E67E22"
+                                 opacity: 0.3
-                                 opacity: "0.3"
+                                 transform: "translateX(395.5596790706286px) translateY(722.9344047404005px)"
-                                 transform: "none"
-                                 background-color: "rgb(230, 126, 34)"
                                }}
                                ref={function}
                              >
                            <motion.div className="absolute w..." style={{...}} initial={{...}} animate={{y:[...], ...}} ...>
                              <div
                                className="absolute w-1 h-1 rounded-full"
                                style={{
+                                 backgroundColor: "#E67E22"
+                                 opacity: 0.3
-                                 opacity: "0.3"
+                                 transform: "translateX(568.3586979402756px) translateY(745.9814282008681px)"
-                                 transform: "none"
-                                 background-color: "rgb(230, 126, 34)"
                                }}
                                ref={function}
                              >
                            <motion.div className="absolute w..." style={{...}} initial={{...}} animate={{y:[...], ...}} ...>
                              <div
                                className="absolute w-1 h-1 rounded-full"
                                style={{
+                                 backgroundColor: "#E67E22"
+                                 opacity: 0.3
-                                 opacity: "0.3"
+                                 transform: "translateX(88.35177189034826px) translateY(493.91884180366776px)"
-                                 transform: "none"
-                                 background-color: "rgb(230, 126, 34)"
                                }}
                                ref={function}
                              >
                            <motion.div className="absolute w..." style={{...}} initial={{...}} animate={{y:[...], ...}} ...>
                              <div
                                className="absolute w-1 h-1 rounded-full"
                                style={{
+                                 backgroundColor: "#E67E22"
+                                 opacity: 0.3
-                                 opacity: "0.3"
+                                 transform: "translateX(760.7492755114947px) translateY(583.8396818040279px)"
-                                 transform: "none"
-                                 background-color: "rgb(230, 126, 34)"
                                }}
                                ref={function}
                              >
                            <motion.div className="absolute w..." style={{...}} initial={{...}} animate={{y:[...], ...}} ...>
                              <div
                                className="absolute w-1 h-1 rounded-full"
                                style={{
+                                 backgroundColor: "#E67E22"
+                                 opacity: 0.3
-                                 opacity: "0.3"
+                                 transform: "translateX(681.3927174315496px) translateY(283.32506052415596px)"
-                                 transform: "none"
-                                 background-color: "rgb(230, 126, 34)"
                                }}
                                ref={function}
                              >
                            <motion.div className="absolute w..." style={{...}} initial={{...}} animate={{y:[...], ...}} ...>
                              <div
                                className="absolute w-1 h-1 rounded-full"
                                style={{
+                                 backgroundColor: "#E67E22"
+                                 opacity: 0.3
-                                 opacity: "0.3"
+                                 transform: "translateX(392.7045168872836px) translateY(797.0600465157141px)"
-                                 transform: "none"
-                                 background-color: "rgb(230, 126, 34)"
                                }}
                                ref={function}
                              >
                            <motion.div className="absolute w..." style={{...}} initial={{...}} animate={{y:[...], ...}} ...>
                              <div
                                className="absolute w-1 h-1 rounded-full"
                                style={{
+                                 backgroundColor: "#E67E22"
+                                 opacity: 0.3
-                                 opacity: "0.3"
+                                 transform: "translateX(81.16462640198108px) translateY(369.9709522821454px)"
-                                 transform: "none"
-                                 background-color: "rgb(230, 126, 34)"
                                }}
                                ref={function}
                              >
                            <motion.div className="absolute w..." style={{...}} initial={{...}} animate={{y:[...], ...}} ...>
                              <div
                                className="absolute w-1 h-1 rounded-full"
                                style={{
+                                 backgroundColor: "#E67E22"
+                                 opacity: 0.3
-                                 opacity: "0.3"
+                                 transform: "translateX(660.8420469542334px) translateY(790.4876711718254px)"
-                                 transform: "none"
-                                 background-color: "rgb(230, 126, 34)"
                                }}
                                ref={function}
                              >
                            <motion.div className="absolute w..." style={{...}} initial={{...}} animate={{y:[...], ...}} ...>
                              <div
                                className="absolute w-1 h-1 rounded-full"
                                style={{
+                                 backgroundColor: "#E67E22"
+                                 opacity: 0.3
-                                 opacity: "0.3"
+                                 transform: "translateX(808.789636286914px) translateY(300.437566727947px)"
-                                 transform: "none"
-                                 background-color: "rgb(230, 126, 34)"
                                }}
                                ref={function}
                              >
                            <motion.div className="absolute w..." style={{...}} initial={{...}} animate={{y:[...], ...}} ...>
                              <div
                                className="absolute w-1 h-1 rounded-full"
                                style={{
+                                 backgroundColor: "#E67E22"
+                                 opacity: 0.3
-                                 opacity: "0.3"
+                                 transform: "translateX(847.4083333863688px) translateY(892.7774883182145px)"
-                                 transform: "none"
-                                 background-color: "rgb(230, 126, 34)"
                                }}
                                ref={function}
                              >
                            <motion.div className="absolute w..." style={{...}} initial={{...}} animate={{y:[...], ...}} ...>
                              <div
                                className="absolute w-1 h-1 rounded-full"
                                style={{
+                                 backgroundColor: "#E67E22"
+                                 opacity: 0.3
-                                 opacity: "0.3"
+                                 transform: "translateX(715.8615608866892px) translateY(243.80498785759266px)"
-                                 transform: "none"
-                                 background-color: "rgb(230, 126, 34)"
                                }}
                                ref={function}
                              >
                            <motion.div className="absolute w..." style={{...}} initial={{...}} animate={{y:[...], ...}} ...>
                              <div
                                className="absolute w-1 h-1 rounded-full"
                                style={{
+                                 backgroundColor: "#E67E22"
+                                 opacity: 0.3
-                                 opacity: "0.3"
+                                 transform: "translateX(888.3041089531406px) translateY(422.8822417923468px)"
-                                 transform: "none"
-                                 background-color: "rgb(230, 126, 34)"
                                }}
                                ref={function}
                              >
                            <motion.div className="absolute w..." style={{...}} initial={{...}} animate={{y:[...], ...}} ...>
                              <div
                                className="absolute w-1 h-1 rounded-full"
                                style={{
+                                 backgroundColor: "#E67E22"
+                                 opacity: 0.3
-                                 opacity: "0.3"
+                                 transform: "translateX(596.5424796242207px) translateY(803.8606790270272px)"
-                                 transform: "none"
-                                 background-color: "rgb(230, 126, 34)"
                                }}
                                ref={function}
                              >
                            <motion.div className="absolute w..." style={{...}} initial={{...}} animate={{y:[...], ...}} ...>
                              <div
                                className="absolute w-1 h-1 rounded-full"
                                style={{
+                                 backgroundColor: "#E67E22"
+                                 opacity: 0.3
-                                 opacity: "0.3"
+                                 transform: "translateX(728.1560103292231px) translateY(333.67438806781547px)"
-                                 transform: "none"
-                                 background-color: "rgb(230, 126, 34)"
                                }}
                                ref={function}
                              >
                            <motion.div className="absolute w..." style={{...}} initial={{...}} animate={{y:[...], ...}} ...>
                              <div
                                className="absolute w-1 h-1 rounded-full"
                                style={{
+                                 backgroundColor: "#E67E22"
+                                 opacity: 0.3
-                                 opacity: "0.3"
+                                 transform: "translateX(776.1245578236005px) translateY(522.6449041980837px)"
-                                 transform: "none"
-                                 background-color: "rgb(230, 126, 34)"
                                }}
                                ref={function}
                              >
                            <motion.div className="absolute w..." style={{...}} initial={{...}} animate={{y:[...], ...}} ...>
                              <div
                                className="absolute w-1 h-1 rounded-full"
                                style={{
+                                 backgroundColor: "#E67E22"
+                                 opacity: 0.3
-                                 opacity: "0.3"
+                                 transform: "translateX(770.6521929941854px) translateY(362.05527512050696px)"
-                                 transform: "none"
-                                 background-color: "rgb(230, 126, 34)"
                                }}
                                ref={function}
                              >
                          ...
                  <ExpectedOutcomes>
                    <SlideShell id="slide-8">
                      <section id="slide-8" className="snap-start..." style={{...}}>
                        <div>
                        <Glow>
                        <Glow>
                        <div className="relative z...">
                          <div className="absolute i...">
                            <motion.div className="absolute w..." style={{...}} initial={{...}} animate={{y:[...], ...}} ...>
                              <div
                                className="absolute w-0.5 h-0.5 rounded-full"
                                style={{
+                                 backgroundColor: "#E67E22"
+                                 opacity: 0.15
-                                 opacity: "0.15"
+                                 transform: "translateX(76.47314306257715px) translateY(274.9368071511644px)"
-                                 transform: "none"
-                                 background-color: "rgb(230, 126, 34)"
                                }}
                                ref={function}
                              >
                            <motion.div className="absolute w..." style={{...}} initial={{...}} animate={{y:[...], ...}} ...>
                              <div
                                className="absolute w-0.5 h-0.5 rounded-full"
                                style={{
+                                 backgroundColor: "#E67E22"
+                                 opacity: 0.15
-                                 opacity: "0.15"
+                                 transform: "translateX(347.88494456923px) translateY(552.3904566535281px)"
-                                 transform: "none"
-                                 background-color: "rgb(230, 126, 34)"
                                }}
                                ref={function}
                              >
                            <motion.div className="absolute w..." style={{...}} initial={{...}} animate={{y:[...], ...}} ...>
                              <div
                                className="absolute w-0.5 h-0.5 rounded-full"
                                style={{
+                                 backgroundColor: "#E67E22"
+                                 opacity: 0.15
-                                 opacity: "0.15"
+                                 transform: "translateX(813.7627171066716px) translateY(820.9597065180873px)"
-                                 transform: "none"
-                                 background-color: "rgb(230, 126, 34)"
                                }}
                                ref={function}
                              >
                            <motion.div className="absolute w..." style={{...}} initial={{...}} animate={{y:[...], ...}} ...>
                              <div
                                className="absolute w-0.5 h-0.5 rounded-full"
                                style={{
+                                 backgroundColor: "#E67E22"
+                                 opacity: 0.15
-                                 opacity: "0.15"
+                                 transform: "translateX(359.6937447553488px) translateY(284.1344112267006px)"
-                                 transform: "none"
-                                 background-color: "rgb(230, 126, 34)"
                                }}
                                ref={function}
                              >
                            <motion.div className="absolute w..." style={{...}} initial={{...}} animate={{y:[...], ...}} ...>
                              <div
                                className="absolute w-0.5 h-0.5 rounded-full"
                                style={{
+                                 backgroundColor: "#E67E22"
+                                 opacity: 0.15
-                                 opacity: "0.15"
+                                 transform: "translateX(918.6627390100244px) translateY(294.75218139176894px)"
-                                 transform: "none"
-                                 background-color: "rgb(230, 126, 34)"
                                }}
                                ref={function}
                              >
                            <motion.div className="absolute w..." style={{...}} initial={{...}} animate={{y:[...], ...}} ...>
                              <div
                                className="absolute w-0.5 h-0.5 rounded-full"
                                style={{
+                                 backgroundColor: "#E67E22"
+                                 opacity: 0.15
-                                 opacity: "0.15"
+                                 transform: "translateX(234.11286994140778px) translateY(481.67936889618505px)"
-                                 transform: "none"
-                                 background-color: "rgb(230, 126, 34)"
                                }}
                                ref={function}
                              >
                            <motion.div className="absolute w..." style={{...}} initial={{...}} animate={{y:[...], ...}} ...>
                              <div
                                className="absolute w-0.5 h-0.5 rounded-full"
                                style={{
+                                 backgroundColor: "#E67E22"
+                                 opacity: 0.15
-                                 opacity: "0.15"
+                                 transform: "translateX(571.2680322753891px) translateY(43.384515564862475px)"
-                                 transform: "none"
-                                 background-color: "rgb(230, 126, 34)"
                                }}
                                ref={function}
                              >
                            <motion.div className="absolute w..." style={{...}} initial={{...}} animate={{y:[...], ...}} ...>
                              <div
                                className="absolute w-0.5 h-0.5 rounded-full"
                                style={{
+                                 backgroundColor: "#E67E22"
+                                 opacity: 0.15
-                                 opacity: "0.15"
+                                 transform: "translateX(398.6673671765809px) translateY(253.02406923944304px)"
-                                 transform: "none"
-                                 background-color: "rgb(230, 126, 34)"
                                }}
                                ref={function}
                              >
                            <motion.div className="absolute w..." style={{...}} initial={{...}} animate={{y:[...], ...}} ...>
                              <div
                                className="absolute w-0.5 h-0.5 rounded-full"
                                style={{
+                                 backgroundColor: "#E67E22"
+                                 opacity: 0.15
-                                 opacity: "0.15"
+                                 transform: "translateX(468.1779809478003px) translateY(242.76944096872484px)"
-                                 transform: "none"
-                                 background-color: "rgb(230, 126, 34)"
                                }}
                                ref={function}
                              >
                            <motion.div className="absolute w..." style={{...}} initial={{...}} animate={{y:[...], ...}} ...>
                              <div
                                className="absolute w-0.5 h-0.5 rounded-full"
                                style={{
+                                 backgroundColor: "#E67E22"
+                                 opacity: 0.15
-                                 opacity: "0.15"
+                                 transform: "translateX(463.58512900524516px) translateY(212.22476740361512px)"
-                                 transform: "none"
-                                 background-color: "rgb(230, 126, 34)"
                                }}
                                ref={function}
                              >
                            <motion.div className="absolute w..." style={{...}} initial={{...}} animate={{y:[...], ...}} ...>
                              <div
                                className="absolute w-0.5 h-0.5 rounded-full"
                                style={{
+                                 backgroundColor: "#E67E22"
+                                 opacity: 0.15
-                                 opacity: "0.15"
+                                 transform: "translateX(664.8447156587409px) translateY(254.2439393910799px)"
-                                 transform: "none"
-                                 background-color: "rgb(230, 126, 34)"
                                }}
                                ref={function}
                              >
                            <motion.div className="absolute w..." style={{...}} initial={{...}} animate={{y:[...], ...}} ...>
                              <div
                                className="absolute w-0.5 h-0.5 rounded-full"
                                style={{
+                                 backgroundColor: "#E67E22"
+                                 opacity: 0.15
-                                 opacity: "0.15"
+                                 transform: "translateX(121.0146358186862px) translateY(538.3430851467109px)"
-                                 transform: "none"
-                                 background-color: "rgb(230, 126, 34)"
                                }}
                                ref={function}
                              >
                            <motion.div className="absolute w..." style={{...}} initial={{...}} animate={{y:[...], ...}} ...>
                              <div
                                className="absolute w-0.5 h-0.5 rounded-full"
                                style={{
+                                 backgroundColor: "#E67E22"
+                                 opacity: 0.15
-                                 opacity: "0.15"
+                                 transform: "translateX(808.8493512123783px) translateY(870.800459087074px)"
-                                 transform: "none"
-                                 background-color: "rgb(230, 126, 34)"
                                }}
                                ref={function}
                              >
                            <motion.div className="absolute w..." style={{...}} initial={{...}} animate={{y:[...], ...}} ...>
                              <div
                                className="absolute w-0.5 h-0.5 rounded-full"
                                style={{
+                                 backgroundColor: "#E67E22"
+                                 opacity: 0.15
-                                 opacity: "0.15"
+                                 transform: "translateX(901.9697663003113px) translateY(111.40299669325411px)"
-                                 transform: "none"
-                                 background-color: "rgb(230, 126, 34)"
                                }}
                                ref={function}
                              >
                            <motion.div className="absolute w..." style={{...}} initial={{...}} animate={{y:[...], ...}} ...>
                              <div
                                className="absolute w-0.5 h-0.5 rounded-full"
                                style={{
+                                 backgroundColor: "#E67E22"
+                                 opacity: 0.15
-                                 opacity: "0.15"
+                                 transform: "translateX(432.65240980215384px) translateY(210.51762060882996px)"
-                                 transform: "none"
-                                 background-color: "rgb(230, 126, 34)"
                                }}
                                ref={function}
                              >
                          ...
                  <InteractivePoll>
                    <SlideShell id="slide-poll">
                      <section id="slide-poll" className="snap-start..." style={{...}}>
                        <div>
                        <Glow>
                        <Glow>
                        <div className="relative z...">
                          <div className="absolute i...">
                            <motion.div>
                            <motion.div className="absolute w..." style={{...}} initial={{...}} animate={{y:[...], ...}} ...>
                              <div
                                className="absolute w-1.5 h-1.5 rounded-full"
                                style={{
+                                 backgroundColor: "#E67E22"
+                                 opacity: 0.3
-                                 opacity: "0.3"
+                                 transform: "translateX(224.07191432545554px) translateY(527.2621401960312px)"
-                                 transform: "none"
-                                 background-color: "rgb(230, 126, 34)"
                                }}
                                ref={function}
                              >
                            <motion.div className="absolute w..." style={{...}} initial={{...}} animate={{y:[...], ...}} ...>
                              <div
                                className="absolute w-1.5 h-1.5 rounded-full"
                                style={{
+                                 backgroundColor: "#E67E22"
+                                 opacity: 0.3
-                                 opacity: "0.3"
+                                 transform: "translateX(567.6515626153084px) translateY(786.5983326787607px)"
-                                 transform: "none"
-                                 background-color: "rgb(230, 126, 34)"
                                }}
                                ref={function}
                              >
                            <motion.div className="absolute w..." style={{...}} initial={{...}} animate={{y:[...], ...}} ...>
                              <div
                                className="absolute w-1.5 h-1.5 rounded-full"
                                style={{
+                                 backgroundColor: "#E67E22"
+                                 opacity: 0.3
-                                 opacity: "0.3"
+                                 transform: "translateX(688.5603529216388px) translateY(29.522265957218757px)"
-                                 transform: "none"
-                                 background-color: "rgb(230, 126, 34)"
                                }}
                                ref={function}
                              >
                            <motion.div className="absolute w..." style={{...}} initial={{...}} animate={{y:[...], ...}} ...>
                              <div
                                className="absolute w-1.5 h-1.5 rounded-full"
                                style={{
+                                 backgroundColor: "#E67E22"
+                                 opacity: 0.3
-                                 opacity: "0.3"
+                                 transform: "translateX(208.78096090289714px) translateY(289.4796135767858px)"
-                                 transform: "none"
-                                 background-color: "rgb(230, 126, 34)"
                                }}
                                ref={function}
                              >
                            <motion.div className="absolute w..." style={{...}} initial={{...}} animate={{y:[...], ...}} ...>
                              <div
                                className="absolute w-1.5 h-1.5 rounded-full"
                                style={{
+                                 backgroundColor: "#E67E22"
+                                 opacity: 0.3
-                                 opacity: "0.3"
+                                 transform: "translateX(509.47740354979607px) translateY(743.3575376076242px)"
-                                 transform: "none"
-                                 background-color: "rgb(230, 126, 34)"
                                }}
                                ref={function}
                              >
                            <motion.div className="absolute w..." style={{...}} initial={{...}} animate={{y:[...], ...}} ...>
                              <div
                                className="absolute w-1.5 h-1.5 rounded-full"
                                style={{
+                                 backgroundColor: "#E67E22"
+                                 opacity: 0.3
-                                 opacity: "0.3"
+                                 transform: "translateX(471.99353426824825px) translateY(164.32788473130248px)"
-                                 transform: "none"
-                                 background-color: "rgb(230, 126, 34)"
                                }}
                                ref={function}
                              >
                            <motion.div className="absolute w..." style={{...}} initial={{...}} animate={{y:[...], ...}} ...>
                              <div
                                className="absolute w-1.5 h-1.5 rounded-full"
                                style={{
+                                 backgroundColor: "#E67E22"
+                                 opacity: 0.3
-                                 opacity: "0.3"
+                                 transform: "translateX(124.53672464895281px) translateY(612.8378623872733px)"
-                                 transform: "none"
-                                 background-color: "rgb(230, 126, 34)"
                                }}
                                ref={function}
                              >
                            <motion.div className="absolute w..." style={{...}} initial={{...}} animate={{y:[...], ...}} ...>
                              <div
                                className="absolute w-1.5 h-1.5 rounded-full"
                                style={{
+                                 backgroundColor: "#E67E22"
+                                 opacity: 0.3
-                                 opacity: "0.3"
+                                 transform: "translateX(403.97244939234633px) translateY(268.34724634482177px)"
-                                 transform: "none"
-                                 background-color: "rgb(230, 126, 34)"
                                }}
                                ref={function}
                              >
                            <motion.div className="absolute w..." style={{...}} initial={{...}} animate={{y:[...], ...}} ...>
                              <div
                                className="absolute w-1.5 h-1.5 rounded-full"
                                style={{
+                                 backgroundColor: "#E67E22"
+                                 opacity: 0.3
-                                 opacity: "0.3"
+                                 transform: "translateX(56.73138232168491px) translateY(655.8884258723367px)"
-                                 transform: "none"
-                                 background-color: "rgb(230, 126, 34)"
                                }}
                                ref={function}
                              >
                            <motion.div className="absolute w..." style={{...}} initial={{...}} animate={{y:[...], ...}} ...>
                              <div
                                className="absolute w-1.5 h-1.5 rounded-full"
                                style={{
+                                 backgroundColor: "#E67E22"
+                                 opacity: 0.3
-                                 opacity: "0.3"
+                                 transform: "translateX(877.2120518931516px) translateY(668.5768109784611px)"
-                                 transform: "none"
-                                 background-color: "rgb(230, 126, 34)"
                                }}
                                ref={function}
                              >
                            <motion.div className="absolute w..." style={{...}} initial={{...}} animate={{y:[...], ...}} ...>
                              <div
                                className="absolute w-1.5 h-1.5 rounded-full"
                                style={{
+                                 backgroundColor: "#E67E22"
+                                 opacity: 0.3
-                                 opacity: "0.3"
+                                 transform: "translateX(218.93936280633662px) translateY(35.94943427870105px)"
-                                 transform: "none"
-                                 background-color: "rgb(230, 126, 34)"
                                }}
                                ref={function}
                              >
                            <motion.div className="absolute w..." style={{...}} initial={{...}} animate={{y:[...], ...}} ...>
                              <div
                                className="absolute w-1.5 h-1.5 rounded-full"
                                style={{
+                                 backgroundColor: "#E67E22"
+                                 opacity: 0.3
-                                 opacity: "0.3"
+                                 transform: "translateX(70.28858615902128px) translateY(667.5014857107541px)"
-                                 transform: "none"
-                                 background-color: "rgb(230, 126, 34)"
                                }}
                                ref={function}
                              >
                            <motion.div className="absolute w..." style={{...}} initial={{...}} animate={{y:[...], ...}} ...>
                              <div
                                className="absolute w-1.5 h-1.5 rounded-full"
                                style={{
+                                 backgroundColor: "#E67E22"
+                                 opacity: 0.3
-                                 opacity: "0.3"
+                                 transform: "translateX(81.60678870177948px) translateY(590.0217484338624px)"
-                                 transform: "none"
-                                 background-color: "rgb(230, 126, 34)"
                                }}
                                ref={function}
                              >
                            <motion.div className="absolute w..." style={{...}} initial={{...}} animate={{y:[...], ...}} ...>
                              <div
                                className="absolute w-1.5 h-1.5 rounded-full"
                                style={{
+                                 backgroundColor: "#E67E22"
+                                 opacity: 0.3
-                                 opacity: "0.3"
+                                 transform: "translateX(207.13302889894126px) translateY(126.03036416935434px)"
-                                 transform: "none"
-                                 background-color: "rgb(230, 126, 34)"
                                }}
                                ref={function}
                              >
                            <motion.div className="absolute w..." style={{...}} initial={{...}} animate={{y:[...], ...}} ...>
                              <div
                                className="absolute w-1.5 h-1.5 rounded-full"
                                style={{
+                                 backgroundColor: "#E67E22"
+                                 opacity: 0.3
-                                 opacity: "0.3"
+                                 transform: "translateX(191.71575899641135px) translateY(117.32658443751299px)"
-                                 transform: "none"
-                                 background-color: "rgb(230, 126, 34)"
                                }}
                                ref={function}
                              >
                          ...
                  <Team>
                  <ThankYou>
                    <SlideShell id="slide-10">
                      <section id="slide-10" className="snap-start..." style={{...}}>
                        <div>
                        <Glow>
                        <Glow>
                        <div className="relative z...">
                          <div className="absolute i...">
                            <motion.div>
                            <motion.div className="absolute w..." style={{...}} initial={{...}} animate={{y:[...], ...}} ...>
                              <div
                                className="absolute w-1 h-1 rounded-full"
                                style={{
+                                 backgroundColor: "#E67E22"
+                                 opacity: 0.2
-                                 opacity: "0.2"
+                                 transform: "translateX(540.2659481904202px) translateY(631.2561278041698px)"
-                                 transform: "none"
-                                 background-color: "rgb(230, 126, 34)"
                                }}
                                ref={function}
                              >
                            <motion.div className="absolute w..." style={{...}} initial={{...}} animate={{y:[...], ...}} ...>
                              <div
                                className="absolute w-1 h-1 rounded-full"
                                style={{
+                                 backgroundColor: "#E67E22"
+                                 opacity: 0.2
-                                 opacity: "0.2"
+                                 transform: "translateX(288.68207404013174px) translateY(815.8979985760545px)"
-                                 transform: "none"
-                                 background-color: "rgb(230, 126, 34)"
                                }}
                                ref={function}
                              >
                            <motion.div className="absolute w..." style={{...}} initial={{...}} animate={{y:[...], ...}} ...>
                              <div
                                className="absolute w-1 h-1 rounded-full"
                                style={{
+                                 backgroundColor: "#E67E22"
+                                 opacity: 0.2
-                                 opacity: "0.2"
+                                 transform: "translateX(727.332300665525px) translateY(360.26908209644165px)"
-                                 transform: "none"
-                                 background-color: "rgb(230, 126, 34)"
                                }}
                                ref={function}
                              >
                            <motion.div className="absolute w..." style={{...}} initial={{...}} animate={{y:[...], ...}} ...>
                              <div
                                className="absolute w-1 h-1 rounded-full"
                                style={{
+                                 backgroundColor: "#E67E22"
+                                 opacity: 0.2
-                                 opacity: "0.2"
+                                 transform: "translateX(262.4969558070746px) translateY(458.9986568497045px)"
-                                 transform: "none"
-                                 background-color: "rgb(230, 126, 34)"
                                }}
                                ref={function}
                              >
                            <motion.div className="absolute w..." style={{...}} initial={{...}} animate={{y:[...], ...}} ...>
                              <div
                                className="absolute w-1 h-1 rounded-full"
                                style={{
+                                 backgroundColor: "#E67E22"
+                                 opacity: 0.2
-                                 opacity: "0.2"
+                                 transform: "translateX(719.7110579342212px) translateY(283.1477459966115px)"
-                                 transform: "none"
-                                 background-color: "rgb(230, 126, 34)"
                                }}
                                ref={function}
                              >
                            <motion.div className="absolute w..." style={{...}} initial={{...}} animate={{y:[...], ...}} ...>
                              <div
                                className="absolute w-1 h-1 rounded-full"
                                style={{
+                                 backgroundColor: "#E67E22"
+                                 opacity: 0.2
-                                 opacity: "0.2"
+                                 transform: "translateX(133.629183287112px) translateY(166.18375394505915px)"
-                                 transform: "none"
-                                 background-color: "rgb(230, 126, 34)"
                                }}
                                ref={function}
                              >
                            <motion.div className="absolute w..." style={{...}} initial={{...}} animate={{y:[...], ...}} ...>
                              <div
                                className="absolute w-1 h-1 rounded-full"
                                style={{
+                                 backgroundColor: "#E67E22"
+                                 opacity: 0.2
-                                 opacity: "0.2"
+                                 transform: "translateX(634.4830905077398px) translateY(882.1107967388344px)"
-                                 transform: "none"
-                                 background-color: "rgb(230, 126, 34)"
                                }}
                                ref={function}
                              >
                            <motion.div className="absolute w..." style={{...}} initial={{...}} animate={{y:[...], ...}} ...>
                              <div
                                className="absolute w-1 h-1 rounded-full"
                                style={{
+                                 backgroundColor: "#E67E22"
+                                 opacity: 0.2
-                                 opacity: "0.2"
+                                 transform: "translateX(167.35840875686907px) translateY(282.70120424299483px)"
-                                 transform: "none"
-                                 background-color: "rgb(230, 126, 34)"
                                }}
                                ref={function}
                              >
                            <motion.div className="absolute w..." style={{...}} initial={{...}} animate={{y:[...], ...}} ...>
                              <div
                                className="absolute w-1 h-1 rounded-full"
                                style={{
+                                 backgroundColor: "#E67E22"
+                                 opacity: 0.2
-                                 opacity: "0.2"
+                                 transform: "translateX(194.7780382078584px) translateY(219.99432802053553px)"
-                                 transform: "none"
-                                 background-color: "rgb(230, 126, 34)"
                                }}
                                ref={function}
                              >
                            <motion.div className="absolute w..." style={{...}} initial={{...}} animate={{y:[...], ...}} ...>
                              <div
                                className="absolute w-1 h-1 rounded-full"
                                style={{
+                                 backgroundColor: "#E67E22"
+                                 opacity: 0.2
-                                 opacity: "0.2"
+                                 transform: "translateX(668.7618595214473px) translateY(433.8735223143605px)"
-                                 transform: "none"
-                                 background-color: "rgb(230, 126, 34)"
                                }}
                                ref={function}
                              >
                            <motion.div className="absolute w..." style={{...}} initial={{...}} animate={{y:[...], ...}} ...>
                              <div
                                className="absolute w-1 h-1 rounded-full"
                                style={{
+                                 backgroundColor: "#E67E22"
+                                 opacity: 0.2
-                                 opacity: "0.2"
+                                 transform: "translateX(99.01833379501369px) translateY(818.9766811584982px)"
-                                 transform: "none"
-                                 background-color: "rgb(230, 126, 34)"
                                }}
                                ref={function}
                              >
                            <motion.div className="absolute w..." style={{...}} initial={{...}} animate={{y:[...], ...}} ...>
                              <div
                                className="absolute w-1 h-1 rounded-full"
                                style={{
+                                 backgroundColor: "#E67E22"
+                                 opacity: 0.2
-                                 opacity: "0.2"
+                                 transform: "translateX(341.9411440523789px) translateY(813.8175239832358px)"
-                                 transform: "none"
-                                 background-color: "rgb(230, 126, 34)"
                                }}
                                ref={function}
                              >
                            <motion.div className="absolute w..." style={{...}} initial={{...}} animate={{y:[...], ...}} ...>
                              <div
                                className="absolute w-1 h-1 rounded-full"
                                style={{
+                                 backgroundColor: "#E67E22"
+                                 opacity: 0.2
-                                 opacity: "0.2"
+                                 transform: "translateX(564.4696187526189px) translateY(654.9818032481456px)"
-                                 transform: "none"
-                                 background-color: "rgb(230, 126, 34)"
                                }}
                                ref={function}
                              >
                            <motion.div className="absolute w..." style={{...}} initial={{...}} animate={{y:[...], ...}} ...>
                              <div
                                className="absolute w-1 h-1 rounded-full"
                                style={{
+                                 backgroundColor: "#E67E22"
+                                 opacity: 0.2
-                                 opacity: "0.2"
+                                 transform: "translateX(417.25360033879343px) translateY(576.8680822232585px)"
-                                 transform: "none"
-                                 background-color: "rgb(230, 126, 34)"
                                }}
                                ref={function}
                              >
                            <motion.div className="absolute w..." style={{...}} initial={{...}} animate={{y:[...], ...}} ...>
                              <div
                                className="absolute w-1 h-1 rounded-full"
                                style={{
+                                 backgroundColor: "#E67E22"
+                                 opacity: 0.2
-                                 opacity: "0.2"
+                                 transform: "translateX(820.1908106503181px) translateY(735.8927860894142px)"
-                                 transform: "none"
-                                 background-color: "rgb(230, 126, 34)"
                                }}
                                ref={function}
                              >
                            <motion.div className="absolute w..." style={{...}} initial={{...}} animate={{y:[...], ...}} ...>
                              <div
                                className="absolute w-1 h-1 rounded-full"
                                style={{
+                                 backgroundColor: "#E67E22"
+                                 opacity: 0.2
-                                 opacity: "0.2"
+                                 transform: "translateX(409.4493441540843px) translateY(764.9494402571794px)"
-                                 transform: "none"
-                                 background-color: "rgb(230, 126, 34)"
                                }}
                                ref={function}
                              >
                            <motion.div className="absolute w..." style={{...}} initial={{...}} animate={{y:[...], ...}} ...>
                              <div
                                className="absolute w-1 h-1 rounded-full"
                                style={{
+                                 backgroundColor: "#E67E22"
+                                 opacity: 0.2
-                                 opacity: "0.2"
+                                 transform: "translateX(703.3616435487573px) translateY(411.7607359609447px)"
-                                 transform: "none"
-                                 background-color: "rgb(230, 126, 34)"
                                }}
                                ref={function}
                              >
                            <motion.div className="absolute w..." style={{...}} initial={{...}} animate={{y:[...], ...}} ...>
                              <div
                                className="absolute w-1 h-1 rounded-full"
                                style={{
+                                 backgroundColor: "#E67E22"
+                                 opacity: 0.2
-                                 opacity: "0.2"
+                                 transform: "translateX(155.21980952077493px) translateY(626.120920051968px)"
-                                 transform: "none"
-                                 background-color: "rgb(230, 126, 34)"
                                }}
                                ref={function}
                              >
                            <motion.div className="absolute w..." style={{...}} initial={{...}} animate={{y:[...], ...}} ...>
                              <div
                                className="absolute w-1 h-1 rounded-full"
                                style={{
+                                 backgroundColor: "#E67E22"
+                                 opacity: 0.2
-                                 opacity: "0.2"
+                                 transform: "translateX(4.646699492419519px) translateY(909.9214907433319px)"
-                                 transform: "none"
-                                 background-color: "rgb(230, 126, 34)"
                                }}
                                ref={function}
                              >
                            <motion.div className="absolute w..." style={{...}} initial={{...}} animate={{y:[...], ...}} ...>
                              <div
                                className="absolute w-1 h-1 rounded-full"
                                style={{
+                                 backgroundColor: "#E67E22"
+                                 opacity: 0.2
-                                 opacity: "0.2"
+                                 transform: "translateX(539.4910351841548px) translateY(294.30366347116706px)"
-                                 transform: "none"
-                                 background-color: "rgb(230, 126, 34)"
                                }}
                                ref={function}
                              >
                            ...
                          ...
                  ...
 @ http://localhost:8080/node_modules/.vite/deps/react-dom_client.js?v=49f067ba:4070
[   93064ms] [INFO] %cDownload the React DevTools for a better development experience: https://react.dev/link/react-devtools font-weight:bold @ http://localhost:8080/node_modules/.vite/deps/react-dom_client.js?v=812b95d1:20102
[   93359ms] [ERROR] A tree hydrated but some attributes of the server rendered HTML didn't match the client properties. This won't be patched up. This can happen if a SSR-ed Client Component used:

- A server/client branch `if (typeof window !== 'undefined')`.
- Variable input such as `Date.now()` or `Math.random()` which changes each time it's called.
- Date formatting in a user's locale which doesn't match the server.
- External changing data without sending a snapshot of it along with the HTML.
- Invalid HTML tag nesting.

It can also happen if the client has a browser extension installed which messes with the HTML before React loaded.

%s%s https://react.dev/link/hydration-mismatch 

  ...
    <SafeFragment fallback={null}>
      <SafeFragment getResetKey={function getResetKey} errorComponent={function ErrorComponent} ...>
        <SafeFragment fallback={function fallback}>
          <MatchInnerImpl matchId="//">
            <Lazy>
              <Presentation>
                <MouseGlow>
                <div ref={{current:null}} className="h-screen w..." style={{...}}>
                  <Hero>
                  <Hook>
                    <SlideShell id="slide-2">
                      <section id="slide-2" className="snap-start..." style={{...}}>
                        <div>
                        <Glow>
                        <Glow>
                        <div className="relative z...">
                          <div className="absolute i...">
                            <motion.div className="absolute w..." initial={{...}} animate={{y:[...], ...}} ...>
                              <div
                                className="absolute w-1 h-1 bg-[#E67E22] rounded-full"
                                style={{
+                                 opacity: 0.2
-                                 opacity: "0.2"
+                                 transform: "translateX(256.43993620084007px) translateY(398.44304787576243px)"
-                                 transform: "none"
                                }}
                                ref={function}
                              >
                            <motion.div className="absolute w..." initial={{...}} animate={{y:[...], ...}} ...>
                              <div
                                className="absolute w-1 h-1 bg-[#E67E22] rounded-full"
                                style={{
+                                 opacity: 0.2
-                                 opacity: "0.2"
+                                 transform: "translateX(469.04317175258245px) translateY(567.2919106347774px)"
-                                 transform: "none"
                                }}
                                ref={function}
                              >
                            <motion.div className="absolute w..." initial={{...}} animate={{y:[...], ...}} ...>
                              <div
                                className="absolute w-1 h-1 bg-[#E67E22] rounded-full"
                                style={{
+                                 opacity: 0.2
-                                 opacity: "0.2"
+                                 transform: "translateX(588.8305719576939px) translateY(392.2414197325481px)"
-                                 transform: "none"
                                }}
                                ref={function}
                              >
                            <motion.div className="absolute w..." initial={{...}} animate={{y:[...], ...}} ...>
                              <div
                                className="absolute w-1 h-1 bg-[#E67E22] rounded-full"
                                style={{
+                                 opacity: 0.2
-                                 opacity: "0.2"
+                                 transform: "translateX(118.85940007244102px) translateY(141.90678587518485px)"
-                                 transform: "none"
                                }}
                                ref={function}
                              >
                            <motion.div className="absolute w..." initial={{...}} animate={{y:[...], ...}} ...>
                              <div
                                className="absolute w-1 h-1 bg-[#E67E22] rounded-full"
                                style={{
+                                 opacity: 0.2
-                                 opacity: "0.2"
+                                 transform: "translateX(350.6371713852875px) translateY(881.8404152083415px)"
-                                 transform: "none"
                                }}
                                ref={function}
                              >
                            <motion.div className="absolute w..." initial={{...}} animate={{y:[...], ...}} ...>
                              <div
                                className="absolute w-1 h-1 bg-[#E67E22] rounded-full"
                                style={{
+                                 opacity: 0.2
-                                 opacity: "0.2"
+                                 transform: "translateX(319.0313433048072px) translateY(390.9667991911421px)"
-                                 transform: "none"
                                }}
                                ref={function}
                              >
                            <motion.div className="absolute w..." initial={{...}} animate={{y:[...], ...}} ...>
                              <div
                                className="absolute w-1 h-1 bg-[#E67E22] rounded-full"
                                style={{
+                                 opacity: 0.2
-                                 opacity: "0.2"
+                                 transform: "translateX(811.3027493430978px) translateY(898.6612069469187px)"
-                                 transform: "none"
                                }}
                                ref={function}
                              >
                            <motion.div className="absolute w..." initial={{...}} animate={{y:[...], ...}} ...>
                              <div
                                className="absolute w-1 h-1 bg-[#E67E22] rounded-full"
                                style={{
+                                 opacity: 0.2
-                                 opacity: "0.2"
+                                 transform: "translateX(585.2203624933211px) translateY(135.37687773333047px)"
-                                 transform: "none"
                                }}
                                ref={function}
                              >
                            <motion.div className="absolute w..." initial={{...}} animate={{y:[...], ...}} ...>
                              <div
                                className="absolute w-1 h-1 bg-[#E67E22] rounded-full"
                                style={{
+                                 opacity: 0.2
-                                 opacity: "0.2"
+                                 transform: "translateX(250.65892221514216px) translateY(553.6721033860556px)"
-                                 transform: "none"
                                }}
                                ref={function}
                              >
                            <motion.div className="absolute w..." initial={{...}} animate={{y:[...], ...}} ...>
                              <div
                                className="absolute w-1 h-1 bg-[#E67E22] rounded-full"
                                style={{
+                                 opacity: 0.2
-                                 opacity: "0.2"
+                                 transform: "translateX(567.3118900845634px) translateY(106.64662907323067px)"
-                                 transform: "none"
                                }}
                                ref={function}
                              >
                            <motion.div className="absolute w..." initial={{...}} animate={{y:[...], ...}} ...>
                              <div
                                className="absolute w-1 h-1 bg-[#E67E22] rounded-full"
                                style={{
+                                 opacity: 0.2
-                                 opacity: "0.2"
+                                 transform: "translateX(167.17747038011134px) translateY(642.512174867896px)"
-                                 transform: "none"
                                }}
                                ref={function}
                              >
                            <motion.div className="absolute w..." initial={{...}} animate={{y:[...], ...}} ...>
                              <div
                                className="absolute w-1 h-1 bg-[#E67E22] rounded-full"
                                style={{
+                                 opacity: 0.2
-                                 opacity: "0.2"
+                                 transform: "translateX(548.9409261132188px) translateY(608.1219713727601px)"
-                                 transform: "none"
                                }}
                                ref={function}
                              >
                            <motion.div className="absolute w..." initial={{...}} animate={{y:[...], ...}} ...>
                              <div
                                className="absolute w-1 h-1 bg-[#E67E22] rounded-full"
                                style={{
+                                 opacity: 0.2
-                                 opacity: "0.2"
+                                 transform: "translateX(410.8844490595965px) translateY(741.770501686066px)"
-                                 transform: "none"
                                }}
                                ref={function}
                              >
                            <motion.div className="absolute w..." initial={{...}} animate={{y:[...], ...}} ...>
                              <div
                                className="absolute w-1 h-1 bg-[#E67E22] rounded-full"
                                style={{
+                                 opacity: 0.2
-                                 opacity: "0.2"
+                                 transform: "translateX(728.5698747870757px) translateY(196.27766408992045px)"
-                                 transform: "none"
                                }}
                                ref={function}
                              >
                            <motion.div className="absolute w..." initial={{...}} animate={{y:[...], ...}} ...>
                              <div
                                className="absolute w-1 h-1 bg-[#E67E22] rounded-full"
                                style={{
+                                 opacity: 0.2
-                                 opacity: "0.2"
+                                 transform: "translateX(498.5847847583085px) translateY(270.52902255587117px)"
-                                 transform: "none"
                                }}
                                ref={function}
                              >
                            <motion.div className="absolute w..." initial={{...}} animate={{y:[...], ...}} ...>
                              <div
                                className="absolute w-1 h-1 bg-[#E67E22] rounded-full"
                                style={{
+                                 opacity: 0.2
-                                 opacity: "0.2"
+                                 transform: "translateX(638.6174660724045px) translateY(70.19216144507746px)"
-                                 transform: "none"
                                }}
                                ref={function}
                              >
                            <motion.div className="absolute w..." initial={{...}} animate={{y:[...], ...}} ...>
                              <div
                                className="absolute w-1 h-1 bg-[#E67E22] rounded-full"
                                style={{
+                                 opacity: 0.2
-                                 opacity: "0.2"
+                                 transform: "translateX(402.93801563628716px) translateY(806.778031050134px)"
-                                 transform: "none"
                                }}
                                ref={function}
                              >
                            <motion.div className="absolute w..." initial={{...}} animate={{y:[...], ...}} ...>
                              <div
                                className="absolute w-1 h-1 bg-[#E67E22] rounded-full"
                                style={{
+                                 opacity: 0.2
-                                 opacity: "0.2"
+                                 transform: "translateX(651.1298362811569px) translateY(417.46095011508055px)"
-                                 transform: "none"
                                }}
                                ref={function}
                              >
                            <motion.div className="absolute w..." initial={{...}} animate={{y:[...], ...}} ...>
                              <div
                                className="absolute w-1 h-1 bg-[#E67E22] rounded-full"
                                style={{
+                                 opacity: 0.2
-                                 opacity: "0.2"
+                                 transform: "translateX(630.0125896612734px) translateY(806.0312497336923px)"
-                                 transform: "none"
                                }}
                                ref={function}
                              >
                            <motion.div className="absolute w..." initial={{...}} animate={{y:[...], ...}} ...>
                              <div
                                className="absolute w-1 h-1 bg-[#E67E22] rounded-full"
                                style={{
+                                 opacity: 0.2
-                                 opacity: "0.2"
+                                 transform: "translateX(580.280041214705px) translateY(891.0806087396938px)"
-                                 transform: "none"
                                }}
                                ref={function}
                              >
                          ...
                  <Smart>
                  <Methodology>
                    <SlideShell id="slide-4">
                      <section id="slide-4" className="snap-start..." style={{...}}>
                        <div>
                        <Glow>
                        <Glow>
                        <div className="relative z...">
                          <div className="absolute i...">
                            <motion.div className="absolute w..." style={{...}} initial={{...}} animate={{y:[...], ...}} ...>
                              <div
                                className="absolute w-1 h-1 rounded-full"
                                style={{
+                                 backgroundColor: "#E67E22"
+                                 opacity: 0.4
-                                 opacity: "0.4"
+                                 transform: "translateX(482.7814446645559px) translateY(171.3764187299414px)"
-                                 transform: "none"
-                                 background-color: "rgb(230, 126, 34)"
                                }}
                                ref={function}
                              >
                            <motion.div className="absolute w..." style={{...}} initial={{...}} animate={{y:[...], ...}} ...>
                              <div
                                className="absolute w-1 h-1 rounded-full"
                                style={{
+                                 backgroundColor: "#E67E22"
+                                 opacity: 0.4
-                                 opacity: "0.4"
+                                 transform: "translateX(561.0937499873984px) translateY(28.834017737038625px)"
-                                 transform: "none"
-                                 background-color: "rgb(230, 126, 34)"
                                }}
                                ref={function}
                              >
                            <motion.div className="absolute w..." style={{...}} initial={{...}} animate={{y:[...], ...}} ...>
                              <div
                                className="absolute w-1 h-1 rounded-full"
                                style={{
+                                 backgroundColor: "#E67E22"
+                                 opacity: 0.4
-                                 opacity: "0.4"
+                                 transform: "translateX(623.0132328758791px) translateY(585.5186713400461px)"
-                                 transform: "none"
-                                 background-color: "rgb(230, 126, 34)"
                                }}
                                ref={function}
                              >
                            <motion.div className="absolute w..." style={{...}} initial={{...}} animate={{y:[...], ...}} ...>
                              <div
                                className="absolute w-1 h-1 rounded-full"
                                style={{
+                                 backgroundColor: "#E67E22"
+                                 opacity: 0.4
-                                 opacity: "0.4"
+                                 transform: "translateX(653.3343059534566px) translateY(315.05822209891573px)"
-                                 transform: "none"
-                                 background-color: "rgb(230, 126, 34)"
                                }}
                                ref={function}
                              >
                            <motion.div className="absolute w..." style={{...}} initial={{...}} animate={{y:[...], ...}} ...>
                              <div
                                className="absolute w-1 h-1 rounded-full"
                                style={{
+                                 backgroundColor: "#E67E22"
+                                 opacity: 0.4
-                                 opacity: "0.4"
+                                 transform: "translateX(430.14724882281496px) translateY(572.6799232446401px)"
-                                 transform: "none"
-                                 background-color: "rgb(230, 126, 34)"
                                }}
                                ref={function}
                              >
                            <motion.div className="absolute w..." style={{...}} initial={{...}} animate={{y:[...], ...}} ...>
                              <div
                                className="absolute w-1 h-1 rounded-full"
                                style={{
+                                 backgroundColor: "#E67E22"
+                                 opacity: 0.4
-                                 opacity: "0.4"
+                                 transform: "translateX(38.71449319572123px) translateY(67.18707916234823px)"
-                                 transform: "none"
-                                 background-color: "rgb(230, 126, 34)"
                                }}
                                ref={function}
                              >
                            <motion.div className="absolute w..." style={{...}} initial={{...}} animate={{y:[...], ...}} ...>
                              <div
                                className="absolute w-1 h-1 rounded-full"
                                style={{
+                                 backgroundColor: "#E67E22"
+                                 opacity: 0.4
-                                 opacity: "0.4"
+                                 transform: "translateX(165.95983460784413px) translateY(238.94376092974974px)"
-                                 transform: "none"
-                                 background-color: "rgb(230, 126, 34)"
                                }}
                                ref={function}
                              >
                            <motion.div className="absolute w..." style={{...}} initial={{...}} animate={{y:[...], ...}} ...>
                              <div
                                className="absolute w-1 h-1 rounded-full"
                                style={{
+                                 backgroundColor: "#E67E22"
+                                 opacity: 0.4
-                                 opacity: "0.4"
+                                 transform: "translateX(851.0254419614627px) translateY(606.8265614145631px)"
-                                 transform: "none"
-                                 background-color: "rgb(230, 126, 34)"
                                }}
                                ref={function}
                              >
                            <motion.div className="absolute w..." style={{...}} initial={{...}} animate={{y:[...], ...}} ...>
                              <div
                                className="absolute w-1 h-1 rounded-full"
                                style={{
+                                 backgroundColor: "#E67E22"
+                                 opacity: 0.4
-                                 opacity: "0.4"
+                                 transform: "translateX(912.1775491185105px) translateY(230.9042896380634px)"
-                                 transform: "none"
-                                 background-color: "rgb(230, 126, 34)"
                                }}
                                ref={function}
                              >
                            <motion.div className="absolute w..." style={{...}} initial={{...}} animate={{y:[...], ...}} ...>
                              <div
                                className="absolute w-1 h-1 rounded-full"
                                style={{
+                                 backgroundColor: "#E67E22"
+                                 opacity: 0.4
-                                 opacity: "0.4"
+                                 transform: "translateX(18.725036097467587px) translateY(18.29855301081224px)"
-                                 transform: "none"
-                                 background-color: "rgb(230, 126, 34)"
                                }}
                                ref={function}
                              >
                            <motion.div className="absolute w..." style={{...}} initial={{...}} animate={{y:[...], ...}} ...>
                              <div
                                className="absolute w-1 h-1 rounded-full"
                                style={{
+                                 backgroundColor: "#E67E22"
+                                 opacity: 0.4
-                                 opacity: "0.4"
+                                 transform: "translateX(77.14191244781513px) translateY(378.65027511846813px)"
-                                 transform: "none"
-                                 background-color: "rgb(230, 126, 34)"
                                }}
                                ref={function}
                              >
                            <motion.div className="absolute w..." style={{...}} initial={{...}} animate={{y:[...], ...}} ...>
                              <div
                                className="absolute w-1 h-1 rounded-full"
                                style={{
+                                 backgroundColor: "#E67E22"
+                                 opacity: 0.4
-                                 opacity: "0.4"
+                                 transform: "translateX(2.3717276338595568px) translateY(121.20729780660928px)"
-                                 transform: "none"
-                                 background-color: "rgb(230, 126, 34)"
                                }}
                                ref={function}
                              >
                          ...
                  <Budget>
                    <SlideShell id="slide-5">
                      <section id="slide-5" className="snap-start..." style={{...}}>
                        <div>
                        <Glow>
                        <Glow>
                        <div className="relative z...">
                          <div className="absolute i...">
                            <motion.div className="absolute w..." style={{...}} initial={{...}} animate={{y:[...], ...}} ...>
                              <div
                                className="absolute w-1 h-1 rounded-full"
                                style={{
+                                 backgroundColor: "#E67E22"
+                                 opacity: 0.3
-                                 opacity: "0.3"
+                                 transform: "translateX(769.9045397275813px) translateY(829.9195414461591px)"
-                                 transform: "none"
-                                 background-color: "rgb(230, 126, 34)"
                                }}
                                ref={function}
                              >
                            <motion.div className="absolute w..." style={{...}} initial={{...}} animate={{y:[...], ...}} ...>
                              <div
                                className="absolute w-1 h-1 rounded-full"
                                style={{
+                                 backgroundColor: "#E67E22"
+                                 opacity: 0.3
-                                 opacity: "0.3"
+                                 transform: "translateX(605.9348087940551px) translateY(724.7348797029746px)"
-                                 transform: "none"
-                                 background-color: "rgb(230, 126, 34)"
                                }}
                                ref={function}
                              >
                            <motion.div className="absolute w..." style={{...}} initial={{...}} animate={{y:[...], ...}} ...>
                              <div
                                className="absolute w-1 h-1 rounded-full"
                                style={{
+                                 backgroundColor: "#E67E22"
+                                 opacity: 0.3
-                                 opacity: "0.3"
+                                 transform: "translateX(907.4366780810093px) translateY(151.5089404840639px)"
-                                 transform: "none"
-                                 background-color: "rgb(230, 126, 34)"
                                }}
                                ref={function}
                              >
                            <motion.div className="absolute w..." style={{...}} initial={{...}} animate={{y:[...], ...}} ...>
                              <div
                                className="absolute w-1 h-1 rounded-full"
                                style={{
+                                 backgroundColor: "#E67E22"
+                                 opacity: 0.3
-                                 opacity: "0.3"
+                                 transform: "translateX(871.9137688852938px) translateY(589.1402005011685px)"
-                                 transform: "none"
-                                 background-color: "rgb(230, 126, 34)"
                                }}
                                ref={function}
                              >
                            <motion.div className="absolute w..." style={{...}} initial={{...}} animate={{y:[...], ...}} ...>
                              <div
                                className="absolute w-1 h-1 rounded-full"
                                style={{
+                                 backgroundColor: "#E67E22"
+                                 opacity: 0.3
-                                 opacity: "0.3"
+                                 transform: "translateX(445.5331946510256px) translateY(604.1629111854129px)"
-                                 transform: "none"
-                                 background-color: "rgb(230, 126, 34)"
                                }}
                                ref={function}
                              >
                            <motion.div className="absolute w..." style={{...}} initial={{...}} animate={{y:[...], ...}} ...>
                              <div
                                className="absolute w-1 h-1 rounded-full"
                                style={{
+                                 backgroundColor: "#E67E22"
+                                 opacity: 0.3
-                                 opacity: "0.3"
+                                 transform: "translateX(276.02971515033227px) translateY(267.8247690583793px)"
-                                 transform: "none"
-                                 background-color: "rgb(230, 126, 34)"
                                }}
                                ref={function}
                              >
                            <motion.div className="absolute w..." style={{...}} initial={{...}} animate={{y:[...], ...}} ...>
                              <div
                                className="absolute w-1 h-1 rounded-full"
                                style={{
+                                 backgroundColor: "#E67E22"
+                                 opacity: 0.3
-                                 opacity: "0.3"
+                                 transform: "translateX(274.5397437818511px) translateY(732.9337463357434px)"
-                                 transform: "none"
-                                 background-color: "rgb(230, 126, 34)"
                                }}
                                ref={function}
                              >
                            <motion.div className="absolute w..." style={{...}} initial={{...}} animate={{y:[...], ...}} ...>
                              <div
                                className="absolute w-1 h-1 rounded-full"
                                style={{
+                                 backgroundColor: "#E67E22"
+                                 opacity: 0.3
-                                 opacity: "0.3"
+                                 transform: "translateX(845.6127610492248px) translateY(425.0608395337415px)"
-                                 transform: "none"
-                                 background-color: "rgb(230, 126, 34)"
                                }}
                                ref={function}
                              >
                            <motion.div className="absolute w..." style={{...}} initial={{...}} animate={{y:[...], ...}} ...>
                              <div
                                className="absolute w-1 h-1 rounded-full"
                                style={{
+                                 backgroundColor: "#E67E22"
+                                 opacity: 0.3
-                                 opacity: "0.3"
+                                 transform: "translateX(145.38358761316164px) translateY(565.4154123244392px)"
-                                 transform: "none"
-                                 background-color: "rgb(230, 126, 34)"
                                }}
                                ref={function}
                              >
                            <motion.div className="absolute w..." style={{...}} initial={{...}} animate={{y:[...], ...}} ...>
                              <div
                                className="absolute w-1 h-1 rounded-full"
                                style={{
+                                 backgroundColor: "#E67E22"
+                                 opacity: 0.3
-                                 opacity: "0.3"
+                                 transform: "translateX(329.0524241266069px) translateY(143.98718271766495px)"
-                                 transform: "none"
-                                 background-color: "rgb(230, 126, 34)"
                                }}
                                ref={function}
                              >
                            <motion.div className="absolute w..." style={{...}} initial={{...}} animate={{y:[...], ...}} ...>
                              <div
                                className="absolute w-1 h-1 rounded-full"
                                style={{
+                                 backgroundColor: "#E67E22"
+                                 opacity: 0.3
-                                 opacity: "0.3"
+                                 transform: "translateX(764.9146930122729px) translateY(578.8503745748517px)"
-                                 transform: "none"
-                                 background-color: "rgb(230, 126, 34)"
                                }}
                                ref={function}
                              >
                            <motion.div className="absolute w..." style={{...}} initial={{...}} animate={{y:[...], ...}} ...>
                              <div
                                className="absolute w-1 h-1 rounded-full"
                                style={{
+                                 backgroundColor: "#E67E22"
+                                 opacity: 0.3
-                                 opacity: "0.3"
+                                 transform: "translateX(911.7481265204577px) translateY(237.2493669556726px)"
-                                 transform: "none"
-                                 background-color: "rgb(230, 126, 34)"
                                }}
                                ref={function}
                              >
                            <motion.div className="absolute w..." style={{...}} initial={{...}} animate={{y:[...], ...}} ...>
                              <div
                                className="absolute w-1 h-1 rounded-full"
                                style={{
+                                 backgroundColor: "#E67E22"
+                                 opacity: 0.3
-                                 opacity: "0.3"
+                                 transform: "translateX(200.0279659813671px) translateY(159.9528677328346px)"
-                                 transform: "none"
-                                 background-color: "rgb(230, 126, 34)"
                                }}
                                ref={function}
                              >
                            <motion.div className="absolute w..." style={{...}} initial={{...}} animate={{y:[...], ...}} ...>
                              <div
                                className="absolute w-1 h-1 rounded-full"
                                style={{
+                                 backgroundColor: "#E67E22"
+                                 opacity: 0.3
-                                 opacity: "0.3"
+                                 transform: "translateX(863.294148779951px) translateY(328.4994400807712px)"
-                                 transform: "none"
-                                 background-color: "rgb(230, 126, 34)"
                                }}
                                ref={function}
                              >
                            <motion.div className="absolute w..." style={{...}} initial={{...}} animate={{y:[...], ...}} ...>
                              <div
                                className="absolute w-1 h-1 rounded-full"
                                style={{
+                                 backgroundColor: "#E67E22"
+                                 opacity: 0.3
-                                 opacity: "0.3"
+                                 transform: "translateX(241.76060878279495px) translateY(391.2977343853588px)"
-                                 transform: "none"
-                                 background-color: "rgb(230, 126, 34)"
                                }}
                                ref={function}
                              >
                          ...
                  <SmartAppFeatures>
                    <SlideShell id="slide-feat...">
                      <section id="slide-feat..." className="snap-start..." style={{...}}>
                        <div>
                        <Glow>
                        <Glow>
                        <div className="relative z...">
                          <div className="absolute i...">
                            <motion.div className="absolute w..." style={{...}} initial={{...}} animate={{y:[...], ...}} ...>
                              <div
                                className="absolute w-1 h-1 rounded-full"
                                style={{
+                                 backgroundColor: "#E67E22"
+                                 opacity: 0.2
-                                 opacity: "0.2"
+                                 transform: "translateX(470.2062029108439px) translateY(458.69438900169814px)"
-                                 transform: "none"
-                                 background-color: "rgb(230, 126, 34)"
                                }}
                                ref={function}
                              >
                            <motion.div className="absolute w..." style={{...}} initial={{...}} animate={{y:[...], ...}} ...>
                              <div
                                className="absolute w-1 h-1 rounded-full"
                                style={{
+                                 backgroundColor: "#E67E22"
+                                 opacity: 0.2
-                                 opacity: "0.2"
+                                 transform: "translateX(928.4055994679957px) translateY(560.4193543404369px)"
-                                 transform: "none"
-                                 background-color: "rgb(230, 126, 34)"
                                }}
                                ref={function}
                              >
                            <motion.div className="absolute w..." style={{...}} initial={{...}} animate={{y:[...], ...}} ...>
                              <div
                                className="absolute w-1 h-1 rounded-full"
                                style={{
+                                 backgroundColor: "#E67E22"
+                                 opacity: 0.2
-                                 opacity: "0.2"
+                                 transform: "translateX(520.6992530989733px) translateY(758.1673422386905px)"
-                                 transform: "none"
-                                 background-color: "rgb(230, 126, 34)"
                                }}
                                ref={function}
                              >
                            <motion.div className="absolute w..." style={{...}} initial={{...}} animate={{y:[...], ...}} ...>
                              <div
                                className="absolute w-1 h-1 rounded-full"
                                style={{
+                                 backgroundColor: "#E67E22"
+                                 opacity: 0.2
-                                 opacity: "0.2"
+                                 transform: "translateX(802.0941299730148px) translateY(685.3693092214054px)"
-                                 transform: "none"
-                                 background-color: "rgb(230, 126, 34)"
                                }}
                                ref={function}
                              >
                            <motion.div className="absolute w..." style={{...}} initial={{...}} animate={{y:[...], ...}} ...>
                              <div
                                className="absolute w-1 h-1 rounded-full"
                                style={{
+                                 backgroundColor: "#E67E22"
+                                 opacity: 0.2
-                                 opacity: "0.2"
+                                 transform: "translateX(861.2090404161496px) translateY(398.07599999298424px)"
-                                 transform: "none"
-                                 background-color: "rgb(230, 126, 34)"
                                }}
                                ref={function}
                              >
                            <motion.div className="absolute w..." style={{...}} initial={{...}} animate={{y:[...], ...}} ...>
                              <div
                                className="absolute w-1 h-1 rounded-full"
                                style={{
+                                 backgroundColor: "#E67E22"
+                                 opacity: 0.2
-                                 opacity: "0.2"
+                                 transform: "translateX(673.3981908258644px) translateY(175.1442474675615px)"
-                                 transform: "none"
-                                 background-color: "rgb(230, 126, 34)"
                                }}
                                ref={function}
                              >
                            <motion.div className="absolute w..." style={{...}} initial={{...}} animate={{y:[...], ...}} ...>
                              <div
                                className="absolute w-1 h-1 rounded-full"
                                style={{
+                                 backgroundColor: "#E67E22"
+                                 opacity: 0.2
-                                 opacity: "0.2"
+                                 transform: "translateX(165.78125026598144px) translateY(625.0419908432071px)"
-                                 transform: "none"
-                                 background-color: "rgb(230, 126, 34)"
                                }}
                                ref={function}
                              >
                            <motion.div className="absolute w..." style={{...}} initial={{...}} animate={{y:[...], ...}} ...>
                              <div
                                className="absolute w-1 h-1 rounded-full"
                                style={{
+                                 backgroundColor: "#E67E22"
+                                 opacity: 0.2
-                                 opacity: "0.2"
+                                 transform: "translateX(928.015611779212px) translateY(700.7604939407225px)"
-                                 transform: "none"
-                                 background-color: "rgb(230, 126, 34)"
                                }}
                                ref={function}
                              >
                            <motion.div className="absolute w..." style={{...}} initial={{...}} animate={{y:[...], ...}} ...>
                              <div
                                className="absolute w-1 h-1 rounded-full"
                                style={{
+                                 backgroundColor: "#E67E22"
+                                 opacity: 0.2
-                                 opacity: "0.2"
+                                 transform: "translateX(79.64632943667792px) translateY(347.42168296153613px)"
-                                 transform: "none"
-                                 background-color: "rgb(230, 126, 34)"
                                }}
                                ref={function}
                              >
                            <motion.div className="absolute w..." style={{...}} initial={{...}} animate={{y:[...], ...}} ...>
                              <div
                                className="absolute w-1 h-1 rounded-full"
                                style={{
+                                 backgroundColor: "#E67E22"
+                                 opacity: 0.2
-                                 opacity: "0.2"
+                                 transform: "translateX(638.9874246279469px) translateY(608.5856424528436px)"
-                                 transform: "none"
-                                 background-color: "rgb(230, 126, 34)"
                                }}
                                ref={function}
                              >
                            <motion.div className="absolute w..." style={{...}} initial={{...}} animate={{y:[...], ...}} ...>
                              <div
                                className="absolute w-1 h-1 rounded-full"
                                style={{
+                                 backgroundColor: "#E67E22"
+                                 opacity: 0.2
-                                 opacity: "0.2"
+                                 transform: "translateX(8.487864147719826px) translateY(264.38504749252377px)"
-                                 transform: "none"
-                                 background-color: "rgb(230, 126, 34)"
                                }}
                                ref={function}
                              >
                            <motion.div className="absolute w..." style={{...}} initial={{...}} animate={{y:[...], ...}} ...>
                              <div
                                className="absolute w-1 h-1 rounded-full"
                                style={{
+                                 backgroundColor: "#E67E22"
+                                 opacity: 0.2
-                                 opacity: "0.2"
+                                 transform: "translateX(587.285089283452px) translateY(702.4917873508948px)"
-                                 transform: "none"
-                                 background-color: "rgb(230, 126, 34)"
                                }}
                                ref={function}
                              >
                            <motion.div className="absolute w..." style={{...}} initial={{...}} animate={{y:[...], ...}} ...>
                              <div
                                className="absolute w-1 h-1 rounded-full"
                                style={{
+                                 backgroundColor: "#E67E22"
+                                 opacity: 0.2
-                                 opacity: "0.2"
+                                 transform: "translateX(367.7221469789294px) translateY(227.3036164978438px)"
-                                 transform: "none"
-                                 background-color: "rgb(230, 126, 34)"
                                }}
                                ref={function}
                              >
                            <motion.div className="absolute w..." style={{...}} initial={{...}} animate={{y:[...], ...}} ...>
                              <div
                                className="absolute w-1 h-1 rounded-full"
                                style={{
+                                 backgroundColor: "#E67E22"
+                                 opacity: 0.2
-                                 opacity: "0.2"
+                                 transform: "translateX(2.957324644370545px) translateY(575.7927729614704px)"
-                                 transform: "none"
-                                 background-color: "rgb(230, 126, 34)"
                                }}
                                ref={function}
                              >
                            <motion.div className="absolute w..." style={{...}} initial={{...}} animate={{y:[...], ...}} ...>
                              <div
                                className="absolute w-1 h-1 rounded-full"
                                style={{
+                                 backgroundColor: "#E67E22"
+                                 opacity: 0.2
-                                 opacity: "0.2"
+                                 transform: "translateX(491.0435703113831px) translateY(758.666676871144px)"
-                                 transform: "none"
-                                 background-color: "rgb(230, 126, 34)"
                                }}
                                ref={function}
                              >
                          ...
                  <UserJourney>
                    <SlideShell id="slide-6">
                      <section id="slide-6" className="snap-start..." style={{...}}>
                        <div>
                        <Glow>
                        <Glow>
                        <div className="relative z...">
                          <div className="absolute i...">
                            <motion.div className="absolute w..." style={{...}} initial={{...}} animate={{y:[...], ...}} ...>
                              <div
                                className="absolute w-1 h-1 rounded-full"
                                style={{
+                                 backgroundColor: "#E67E22"
+                                 opacity: 0.3
-                                 opacity: "0.3"
+                                 transform: "translateX(263.4533793680598px) translateY(72.23332404169477px)"
-                                 transform: "none"
-                                 background-color: "rgb(230, 126, 34)"
                                }}
                                ref={function}
                              >
                            <motion.div className="absolute w..." style={{...}} initial={{...}} animate={{y:[...], ...}} ...>
                              <div
                                className="absolute w-1 h-1 rounded-full"
                                style={{
+                                 backgroundColor: "#E67E22"
+                                 opacity: 0.3
-                                 opacity: "0.3"
+                                 transform: "translateX(555.7141335327948px) translateY(518.4390178566255px)"
-                                 transform: "none"
-                                 background-color: "rgb(230, 126, 34)"
                                }}
                                ref={function}
                              >
                            <motion.div className="absolute w..." style={{...}} initial={{...}} animate={{y:[...], ...}} ...>
                              <div
                                className="absolute w-1 h-1 rounded-full"
                                style={{
+                                 backgroundColor: "#E67E22"
+                                 opacity: 0.3
-                                 opacity: "0.3"
+                                 transform: "translateX(127.66829065076985px) translateY(456.29638719401623px)"
-                                 transform: "none"
-                                 background-color: "rgb(230, 126, 34)"
                                }}
                                ref={function}
                              >
                            <motion.div className="absolute w..." style={{...}} initial={{...}} animate={{y:[...], ...}} ...>
                              <div
                                className="absolute w-1 h-1 rounded-full"
                                style={{
+                                 backgroundColor: "#E67E22"
+                                 opacity: 0.3
-                                 opacity: "0.3"
+                                 transform: "translateX(243.39268575182084px) translateY(200.5786778554313px)"
-                                 transform: "none"
-                                 background-color: "rgb(230, 126, 34)"
                                }}
                                ref={function}
                              >
                            <motion.div className="absolute w..." style={{...}} initial={{...}} animate={{y:[...], ...}} ...>
                              <div
                                className="absolute w-1 h-1 rounded-full"
                                style={{
+                                 backgroundColor: "#E67E22"
+                                 opacity: 0.3
-                                 opacity: "0.3"
+                                 transform: "translateX(405.63773806958704px) translateY(190.69294466310157px)"
-                                 transform: "none"
-                                 background-color: "rgb(230, 126, 34)"
                                }}
                                ref={function}
                              >
                            <motion.div className="absolute w..." style={{...}} initial={{...}} animate={{y:[...], ...}} ...>
                              <div
                                className="absolute w-1 h-1 rounded-full"
                                style={{
+                                 backgroundColor: "#E67E22"
+                                 opacity: 0.3
-                                 opacity: "0.3"
+                                 transform: "translateX(672.8354644310539px) translateY(314.6311303353992px)"
-                                 transform: "none"
-                                 background-color: "rgb(230, 126, 34)"
                                }}
                                ref={function}
                              >
                            <motion.div className="absolute w..." style={{...}} initial={{...}} animate={{y:[...], ...}} ...>
                              <div
                                className="absolute w-1 h-1 rounded-full"
                                style={{
+                                 backgroundColor: "#E67E22"
+                                 opacity: 0.3
-                                 opacity: "0.3"
+                                 transform: "translateX(105.20613863361784px) translateY(829.3670721200971px)"
-                                 transform: "none"
-                                 background-color: "rgb(230, 126, 34)"
                                }}
                                ref={function}
                              >
                            <motion.div className="absolute w..." style={{...}} initial={{...}} animate={{y:[...], ...}} ...>
                              <div
                                className="absolute w-1 h-1 rounded-full"
                                style={{
+                                 backgroundColor: "#E67E22"
+                                 opacity: 0.3
-                                 opacity: "0.3"
+                                 transform: "translateX(47.4445406236767px) translateY(724.2234779020563px)"
-                                 transform: "none"
-                                 background-color: "rgb(230, 126, 34)"
                                }}
                                ref={function}
                              >
                            <motion.div className="absolute w..." style={{...}} initial={{...}} animate={{y:[...], ...}} ...>
                              <div
                                className="absolute w-1 h-1 rounded-full"
                                style={{
+                                 backgroundColor: "#E67E22"
+                                 opacity: 0.3
-                                 opacity: "0.3"
+                                 transform: "translateX(621.7926078989931px) translateY(26.349164642783762px)"
-                                 transform: "none"
-                                 background-color: "rgb(230, 126, 34)"
                                }}
                                ref={function}
                              >
                            <motion.div className="absolute w..." style={{...}} initial={{...}} animate={{y:[...], ...}} ...>
                              <div
                                className="absolute w-1 h-1 rounded-full"
                                style={{
+                                 backgroundColor: "#E67E22"
+                                 opacity: 0.3
-                                 opacity: "0.3"
+                                 transform: "translateX(465.1039801863379px) translateY(771.7962858036838px)"
-                                 transform: "none"
-                                 background-color: "rgb(230, 126, 34)"
                                }}
                                ref={function}
                              >
                            <motion.div className="absolute w..." style={{...}} initial={{...}} animate={{y:[...], ...}} ...>
                              <div
                                className="absolute w-1 h-1 rounded-full"
                                style={{
+                                 backgroundColor: "#E67E22"
+                                 opacity: 0.3
-                                 opacity: "0.3"
+                                 transform: "translateX(96.99512423132003px) translateY(604.2812247703486px)"
-                                 transform: "none"
-                                 background-color: "rgb(230, 126, 34)"
                                }}
                                ref={function}
                              >
                            <motion.div className="absolute w..." style={{...}} initial={{...}} animate={{y:[...], ...}} ...>
                              <div
                                className="absolute w-1 h-1 rounded-full"
                                style={{
+                                 backgroundColor: "#E67E22"
+                                 opacity: 0.3
-                                 opacity: "0.3"
+                                 transform: "translateX(852.772231262368px) translateY(77.90038667536746px)"
-                                 transform: "none"
-                                 background-color: "rgb(230, 126, 34)"
                                }}
                                ref={function}
                              >
                            <motion.div className="absolute w..." style={{...}} initial={{...}} animate={{y:[...], ...}} ...>
                              <div
                                className="absolute w-1 h-1 rounded-full"
                                style={{
+                                 backgroundColor: "#E67E22"
+                                 opacity: 0.3
-                                 opacity: "0.3"
+                                 transform: "translateX(138.42304762668115px) translateY(662.2939963944997px)"
-                                 transform: "none"
-                                 background-color: "rgb(230, 126, 34)"
                                }}
                                ref={function}
                              >
                            <motion.div className="absolute w..." style={{...}} initial={{...}} animate={{y:[...], ...}} ...>
                              <div
                                className="absolute w-1 h-1 rounded-full"
                                style={{
+                                 backgroundColor: "#E67E22"
+                                 opacity: 0.3
-                                 opacity: "0.3"
+                                 transform: "translateX(840.357344759709px) translateY(314.0606877101025px)"
-                                 transform: "none"
-                                 background-color: "rgb(230, 126, 34)"
                                }}
                                ref={function}
                              >
                            <motion.div className="absolute w..." style={{...}} initial={{...}} animate={{y:[...], ...}} ...>
                              <div
                                className="absolute w-1 h-1 rounded-full"
                                style={{
+                                 backgroundColor: "#E67E22"
+                                 opacity: 0.3
-                                 opacity: "0.3"
+                                 transform: "translateX(587.0439215265793px) translateY(325.45371097231134px)"
-                                 transform: "none"
-                                 background-color: "rgb(230, 126, 34)"
                                }}
                                ref={function}
                              >
                            <motion.div className="absolute w..." style={{...}} initial={{...}} animate={{y:[...], ...}} ...>
                              <div
                                className="absolute w-1 h-1 rounded-full"
                                style={{
+                                 backgroundColor: "#E67E22"
+                                 opacity: 0.3
-                                 opacity: "0.3"
+                                 transform: "translateX(918.6707918807903px) translateY(847.3525449206091px)"
-                                 transform: "none"
-                                 background-color: "rgb(230, 126, 34)"
                                }}
                                ref={function}
                              >
                            <motion.div className="absolute w..." style={{...}} initial={{...}} animate={{y:[...], ...}} ...>
                              <div
                                className="absolute w-1 h-1 rounded-full"
                                style={{
+                                 backgroundColor: "#E67E22"
+                                 opacity: 0.3
-                                 opacity: "0.3"
+                                 transform: "translateX(521.3804704477593px) translateY(819.3904677330028px)"
-                                 transform: "none"
-                                 background-color: "rgb(230, 126, 34)"
                                }}
                                ref={function}
                              >
                            <motion.div className="absolute w..." style={{...}} initial={{...}} animate={{y:[...], ...}} ...>
                              <div
                                className="absolute w-1 h-1 rounded-full"
                                style={{
+                                 backgroundColor: "#E67E22"
+                                 opacity: 0.3
-                                 opacity: "0.3"
+                                 transform: "translateX(886.9039834151074px) translateY(794.9487242374288px)"
-                                 transform: "none"
-                                 background-color: "rgb(230, 126, 34)"
                                }}
                                ref={function}
                              >
                            <motion.div className="absolute w..." style={{...}} initial={{...}} animate={{y:[...], ...}} ...>
                              <div
                                className="absolute w-1 h-1 rounded-full"
                                style={{
+                                 backgroundColor: "#E67E22"
+                                 opacity: 0.3
-                                 opacity: "0.3"
+                                 transform: "translateX(461.07656440671536px) translateY(392.3629296769714px)"
-                                 transform: "none"
-                                 background-color: "rgb(230, 126, 34)"
                                }}
                                ref={function}
                              >
                            <motion.div className="absolute w..." style={{...}} initial={{...}} animate={{y:[...], ...}} ...>
                              <div
                                className="absolute w-1 h-1 rounded-full"
                                style={{
+                                 backgroundColor: "#E67E22"
+                                 opacity: 0.3
-                                 opacity: "0.3"
+                                 transform: "translateX(82.68544428113782px) translateY(334.6887689896969px)"
-                                 transform: "none"
-                                 background-color: "rgb(230, 126, 34)"
                                }}
                                ref={function}
                              >
                          ...
                  <RiskAssessment>
                    <SlideShell id="slide-7">
                      <section id="slide-7" className="snap-start..." style={{...}}>
                        <div>
                        <Glow>
                        <Glow>
                        <div className="relative z...">
                          <div className="absolute i...">
                            <motion.div className="absolute w..." style={{...}} initial={{...}} animate={{y:[...], ...}} ...>
                              <div
                                className="absolute w-1 h-1 rounded-full"
                                style={{
+                                 backgroundColor: "#E67E22"
+                                 opacity: 0.3
-                                 opacity: "0.3"
+                                 transform: "translateX(187.66847422414176px) translateY(745.4218068464019px)"
-                                 transform: "none"
-                                 background-color: "rgb(230, 126, 34)"
                                }}
                                ref={function}
                              >
                            <motion.div className="absolute w..." style={{...}} initial={{...}} animate={{y:[...], ...}} ...>
                              <div
                                className="absolute w-1 h-1 rounded-full"
                                style={{
+                                 backgroundColor: "#E67E22"
+                                 opacity: 0.3
-                                 opacity: "0.3"
+                                 transform: "translateX(689.9083595589049px) translateY(829.1688087880973px)"
-                                 transform: "none"
-                                 background-color: "rgb(230, 126, 34)"
                                }}
                                ref={function}
                              >
                            <motion.div className="absolute w..." style={{...}} initial={{...}} animate={{y:[...], ...}} ...>
                              <div
                                className="absolute w-1 h-1 rounded-full"
                                style={{
+                                 backgroundColor: "#E67E22"
+                                 opacity: 0.3
-                                 opacity: "0.3"
+                                 transform: "translateX(910.5657325676448px) translateY(602.191751717153px)"
-                                 transform: "none"
-                                 background-color: "rgb(230, 126, 34)"
                                }}
                                ref={function}
                              >
                            <motion.div className="absolute w..." style={{...}} initial={{...}} animate={{y:[...], ...}} ...>
                              <div
                                className="absolute w-1 h-1 rounded-full"
                                style={{
+                                 backgroundColor: "#E67E22"
+                                 opacity: 0.3
-                                 opacity: "0.3"
+                                 transform: "translateX(827.7319674258512px) translateY(685.6599890950009px)"
-                                 transform: "none"
-                                 background-color: "rgb(230, 126, 34)"
                                }}
                                ref={function}
                              >
                            <motion.div className="absolute w..." style={{...}} initial={{...}} animate={{y:[...], ...}} ...>
                              <div
                                className="absolute w-1 h-1 rounded-full"
                                style={{
+                                 backgroundColor: "#E67E22"
+                                 opacity: 0.3
-                                 opacity: "0.3"
+                                 transform: "translateX(178.00086760153906px) translateY(123.37412696822223px)"
-                                 transform: "none"
-                                 background-color: "rgb(230, 126, 34)"
                                }}
                                ref={function}
                              >
                            <motion.div className="absolute w..." style={{...}} initial={{...}} animate={{y:[...], ...}} ...>
                              <div
                                className="absolute w-1 h-1 rounded-full"
                                style={{
+                                 backgroundColor: "#E67E22"
+                                 opacity: 0.3
-                                 opacity: "0.3"
+                                 transform: "translateX(831.5326141245963px) translateY(868.2048595183828px)"
-                                 transform: "none"
-                                 background-color: "rgb(230, 126, 34)"
                                }}
                                ref={function}
                              >
                            <motion.div className="absolute w..." style={{...}} initial={{...}} animate={{y:[...], ...}} ...>
                              <div
                                className="absolute w-1 h-1 rounded-full"
                                style={{
+                                 backgroundColor: "#E67E22"
+                                 opacity: 0.3
-                                 opacity: "0.3"
+                                 transform: "translateX(642.4856889185128px) translateY(243.84897753198433px)"
-                                 transform: "none"
-                                 background-color: "rgb(230, 126, 34)"
                                }}
                                ref={function}
                              >
                            <motion.div className="absolute w..." style={{...}} initial={{...}} animate={{y:[...], ...}} ...>
                              <div
                                className="absolute w-1 h-1 rounded-full"
                                style={{
+                                 backgroundColor: "#E67E22"
+                                 opacity: 0.3
-                                 opacity: "0.3"
+                                 transform: "translateX(405.0395750690368px) translateY(855.8497440570478px)"
-                                 transform: "none"
-                                 background-color: "rgb(230, 126, 34)"
                                }}
                                ref={function}
                              >
                            <motion.div className="absolute w..." style={{...}} initial={{...}} animate={{y:[...], ...}} ...>
                              <div
                                className="absolute w-1 h-1 rounded-full"
                                style={{
+                                 backgroundColor: "#E67E22"
+                                 opacity: 0.3
-                                 opacity: "0.3"
+                                 transform: "translateX(719.3765201637402px) translateY(639.3711603650548px)"
-                                 transform: "none"
-                                 background-color: "rgb(230, 126, 34)"
                                }}
                                ref={function}
                              >
                            <motion.div className="absolute w..." style={{...}} initial={{...}} animate={{y:[...], ...}} ...>
                              <div
                                className="absolute w-1 h-1 rounded-full"
                                style={{
+                                 backgroundColor: "#E67E22"
+                                 opacity: 0.3
-                                 opacity: "0.3"
+                                 transform: "translateX(927.261953588675px) translateY(191.38460140606173px)"
-                                 transform: "none"
-                                 background-color: "rgb(230, 126, 34)"
                                }}
                                ref={function}
                              >
                            <motion.div className="absolute w..." style={{...}} initial={{...}} animate={{y:[...], ...}} ...>
                              <div
                                className="absolute w-1 h-1 rounded-full"
                                style={{
+                                 backgroundColor: "#E67E22"
+                                 opacity: 0.3
-                                 opacity: "0.3"
+                                 transform: "translateX(89.64206114909352px) translateY(479.12486882090735px)"
-                                 transform: "none"
-                                 background-color: "rgb(230, 126, 34)"
                                }}
                                ref={function}
                              >
                            <motion.div className="absolute w..." style={{...}} initial={{...}} animate={{y:[...], ...}} ...>
                              <div
                                className="absolute w-1 h-1 rounded-full"
                                style={{
+                                 backgroundColor: "#E67E22"
+                                 opacity: 0.3
-                                 opacity: "0.3"
+                                 transform: "translateX(780.2646545619234px) translateY(814.6224087478219px)"
-                                 transform: "none"
-                                 background-color: "rgb(230, 126, 34)"
                                }}
                                ref={function}
                              >
                            <motion.div className="absolute w..." style={{...}} initial={{...}} animate={{y:[...], ...}} ...>
                              <div
                                className="absolute w-1 h-1 rounded-full"
                                style={{
+                                 backgroundColor: "#E67E22"
+                                 opacity: 0.3
-                                 opacity: "0.3"
+                                 transform: "translateX(342.6993718417887px) translateY(751.2766954286949px)"
-                                 transform: "none"
-                                 background-color: "rgb(230, 126, 34)"
                                }}
                                ref={function}
                              >
                            <motion.div className="absolute w..." style={{...}} initial={{...}} animate={{y:[...], ...}} ...>
                              <div
                                className="absolute w-1 h-1 rounded-full"
                                style={{
+                                 backgroundColor: "#E67E22"
+                                 opacity: 0.3
-                                 opacity: "0.3"
+                                 transform: "translateX(866.9634172668029px) translateY(849.6472672722397px)"
-                                 transform: "none"
-                                 background-color: "rgb(230, 126, 34)"
                                }}
                                ref={function}
                              >
                            <motion.div className="absolute w..." style={{...}} initial={{...}} animate={{y:[...], ...}} ...>
                              <div
                                className="absolute w-1 h-1 rounded-full"
                                style={{
+                                 backgroundColor: "#E67E22"
+                                 opacity: 0.3
-                                 opacity: "0.3"
+                                 transform: "translateX(256.3404274347898px) translateY(282.26330053973294px)"
-                                 transform: "none"
-                                 background-color: "rgb(230, 126, 34)"
                                }}
                                ref={function}
                              >
                            <motion.div className="absolute w..." style={{...}} initial={{...}} animate={{y:[...], ...}} ...>
                              <div
                                className="absolute w-1 h-1 rounded-full"
                                style={{
+                                 backgroundColor: "#E67E22"
+                                 opacity: 0.3
-                                 opacity: "0.3"
+                                 transform: "translateX(143.91671193130912px) translateY(543.7984844766182px)"
-                                 transform: "none"
-                                 background-color: "rgb(230, 126, 34)"
                                }}
                                ref={function}
                              >
                            <motion.div className="absolute w..." style={{...}} initial={{...}} animate={{y:[...], ...}} ...>
                              <div
                                className="absolute w-1 h-1 rounded-full"
                                style={{
+                                 backgroundColor: "#E67E22"
+                                 opacity: 0.3
-                                 opacity: "0.3"
+                                 transform: "translateX(330.7701793290171px) translateY(338.01653680295334px)"
-                                 transform: "none"
-                                 background-color: "rgb(230, 126, 34)"
                                }}
                                ref={function}
                              >
                            <motion.div className="absolute w..." style={{...}} initial={{...}} animate={{y:[...], ...}} ...>
                              <div
                                className="absolute w-1 h-1 rounded-full"
                                style={{
+                                 backgroundColor: "#E67E22"
+                                 opacity: 0.3
-                                 opacity: "0.3"
+                                 transform: "translateX(197.33719703260496px) translateY(690.1862596949517px)"
-                                 transform: "none"
-                                 background-color: "rgb(230, 126, 34)"
                                }}
                                ref={function}
                              >
                          ...
                  <ExpectedOutcomes>
                    <SlideShell id="slide-8">
                      <section id="slide-8" className="snap-start..." style={{...}}>
                        <div>
                        <Glow>
                        <Glow>
                        <div className="relative z...">
                          <div className="absolute i...">
                            <motion.div className="absolute w..." style={{...}} initial={{...}} animate={{y:[...], ...}} ...>
                              <div
                                className="absolute w-0.5 h-0.5 rounded-full"
                                style={{
+                                 backgroundColor: "#E67E22"
+                                 opacity: 0.15
-                                 opacity: "0.15"
+                                 transform: "translateX(730.3900782139008px) translateY(202.1172914290124px)"
-                                 transform: "none"
-                                 background-color: "rgb(230, 126, 34)"
                                }}
                                ref={function}
                              >
                            <motion.div className="absolute w..." style={{...}} initial={{...}} animate={{y:[...], ...}} ...>
                              <div
                                className="absolute w-0.5 h-0.5 rounded-full"
                                style={{
+                                 backgroundColor: "#E67E22"
+                                 opacity: 0.15
-                                 opacity: "0.15"
+                                 transform: "translateX(497.20302146916555px) translateY(882.0107859314629px)"
-                                 transform: "none"
-                                 background-color: "rgb(230, 126, 34)"
                                }}
                                ref={function}
                              >
                            <motion.div className="absolute w..." style={{...}} initial={{...}} animate={{y:[...], ...}} ...>
                              <div
                                className="absolute w-0.5 h-0.5 rounded-full"
                                style={{
+                                 backgroundColor: "#E67E22"
+                                 opacity: 0.15
-                                 opacity: "0.15"
+                                 transform: "translateX(868.6768760765979px) translateY(860.8450210441963px)"
-                                 transform: "none"
-                                 background-color: "rgb(230, 126, 34)"
                                }}
                                ref={function}
                              >
                            <motion.div className="absolute w..." style={{...}} initial={{...}} animate={{y:[...], ...}} ...>
                              <div
                                className="absolute w-0.5 h-0.5 rounded-full"
                                style={{
+                                 backgroundColor: "#E67E22"
+                                 opacity: 0.15
-                                 opacity: "0.15"
+                                 transform: "translateX(642.5973815487579px) translateY(93.13572110258345px)"
-                                 transform: "none"
-                                 background-color: "rgb(230, 126, 34)"
                                }}
                                ref={function}
                              >
                            <motion.div className="absolute w..." style={{...}} initial={{...}} animate={{y:[...], ...}} ...>
                              <div
                                className="absolute w-0.5 h-0.5 rounded-full"
                                style={{
+                                 backgroundColor: "#E67E22"
+                                 opacity: 0.15
-                                 opacity: "0.15"
+                                 transform: "translateX(623.7822907248503px) translateY(350.0397238444206px)"
-                                 transform: "none"
-                                 background-color: "rgb(230, 126, 34)"
                                }}
                                ref={function}
                              >
                            <motion.div className="absolute w..." style={{...}} initial={{...}} animate={{y:[...], ...}} ...>
                              <div
                                className="absolute w-0.5 h-0.5 rounded-full"
                                style={{
+                                 backgroundColor: "#E67E22"
+                                 opacity: 0.15
-                                 opacity: "0.15"
+                                 transform: "translateX(831.6227596599231px) translateY(8.832806082776214px)"
-                                 transform: "none"
-                                 background-color: "rgb(230, 126, 34)"
                                }}
                                ref={function}
                              >
                            <motion.div className="absolute w..." style={{...}} initial={{...}} animate={{y:[...], ...}} ...>
                              <div
                                className="absolute w-0.5 h-0.5 rounded-full"
                                style={{
+                                 backgroundColor: "#E67E22"
+                                 opacity: 0.15
-                                 opacity: "0.15"
+                                 transform: "translateX(782.5475483447392px) translateY(505.9106334220057px)"
-                                 transform: "none"
-                                 background-color: "rgb(230, 126, 34)"
                                }}
                                ref={function}
                              >
                            <motion.div className="absolute w..." style={{...}} initial={{...}} animate={{y:[...], ...}} ...>
                              <div
                                className="absolute w-0.5 h-0.5 rounded-full"
                                style={{
+                                 backgroundColor: "#E67E22"
+                                 opacity: 0.15
-                                 opacity: "0.15"
+                                 transform: "translateX(134.4355948947005px) translateY(306.42750883411344px)"
-                                 transform: "none"
-                                 background-color: "rgb(230, 126, 34)"
                                }}
                                ref={function}
                              >
                            <motion.div className="absolute w..." style={{...}} initial={{...}} animate={{y:[...], ...}} ...>
                              <div
                                className="absolute w-0.5 h-0.5 rounded-full"
                                style={{
+                                 backgroundColor: "#E67E22"
+                                 opacity: 0.15
-                                 opacity: "0.15"
+                                 transform: "translateX(147.76180196960954px) translateY(166.58208736333188px)"
-                                 transform: "none"
-                                 background-color: "rgb(230, 126, 34)"
                                }}
                                ref={function}
                              >
                            <motion.div className="absolute w..." style={{...}} initial={{...}} animate={{y:[...], ...}} ...>
                              <div
                                className="absolute w-0.5 h-0.5 rounded-full"
                                style={{
+                                 backgroundColor: "#E67E22"
+                                 opacity: 0.15
-                                 opacity: "0.15"
+                                 transform: "translateX(442.3770821180011px) translateY(524.147178826224px)"
-                                 transform: "none"
-                                 background-color: "rgb(230, 126, 34)"
                                }}
                                ref={function}
                              >
                            <motion.div className="absolute w..." style={{...}} initial={{...}} animate={{y:[...], ...}} ...>
                              <div
                                className="absolute w-0.5 h-0.5 rounded-full"
                                style={{
+                                 backgroundColor: "#E67E22"
+                                 opacity: 0.15
-                                 opacity: "0.15"
+                                 transform: "translateX(205.71795652725282px) translateY(855.0248466345461px)"
-                                 transform: "none"
-                                 background-color: "rgb(230, 126, 34)"
                                }}
                                ref={function}
                              >
                            <motion.div className="absolute w..." style={{...}} initial={{...}} animate={{y:[...], ...}} ...>
                              <div
                                className="absolute w-0.5 h-0.5 rounded-full"
                                style={{
+                                 backgroundColor: "#E67E22"
+                                 opacity: 0.15
-                                 opacity: "0.15"
+                                 transform: "translateX(464.2684662916178px) translateY(501.68922488407344px)"
-                                 transform: "none"
-                                 background-color: "rgb(230, 126, 34)"
                                }}
                                ref={function}
                              >
                            <motion.div className="absolute w..." style={{...}} initial={{...}} animate={{y:[...], ...}} ...>
                              <div
                                className="absolute w-0.5 h-0.5 rounded-full"
                                style={{
+                                 backgroundColor: "#E67E22"
+                                 opacity: 0.15
-                                 opacity: "0.15"
+                                 transform: "translateX(515.4425244509715px) translateY(321.2497274764995px)"
-                                 transform: "none"
-                                 background-color: "rgb(230, 126, 34)"
                                }}
                                ref={function}
                              >
                            <motion.div className="absolute w..." style={{...}} initial={{...}} animate={{y:[...], ...}} ...>
                              <div
                                className="absolute w-0.5 h-0.5 rounded-full"
                                style={{
+                                 backgroundColor: "#E67E22"
+                                 opacity: 0.15
-                                 opacity: "0.15"
+                                 transform: "translateX(206.62800174258481px) translateY(134.06448438906122px)"
-                                 transform: "none"
-                                 background-color: "rgb(230, 126, 34)"
                                }}
                                ref={function}
                              >
                            <motion.div className="absolute w..." style={{...}} initial={{...}} animate={{y:[...], ...}} ...>
                              <div
                                className="absolute w-0.5 h-0.5 rounded-full"
                                style={{
+                                 backgroundColor: "#E67E22"
+                                 opacity: 0.15
-                                 opacity: "0.15"
+                                 transform: "translateX(898.6425173576856px) translateY(313.73407306759907px)"
-                                 transform: "none"
-                                 background-color: "rgb(230, 126, 34)"
                                }}
                                ref={function}
                              >
                          ...
                  <InteractivePoll>
                    <SlideShell id="slide-poll">
                      <section id="slide-poll" className="snap-start..." style={{...}}>
                        <div>
                        <Glow>
                        <Glow>
                        <div className="relative z...">
                          <div className="absolute i...">
                            <motion.div>
                            <motion.div className="absolute w..." style={{...}} initial={{...}} animate={{y:[...], ...}} ...>
                              <div
                                className="absolute w-1.5 h-1.5 rounded-full"
                                style={{
+                                 backgroundColor: "#E67E22"
+                                 opacity: 0.3
-                                 opacity: "0.3"
+                                 transform: "translateX(593.6061458260019px) translateY(765.4376965973269px)"
-                                 transform: "none"
-                                 background-color: "rgb(230, 126, 34)"
                                }}
                                ref={function}
                              >
                            <motion.div className="absolute w..." style={{...}} initial={{...}} animate={{y:[...], ...}} ...>
                              <div
                                className="absolute w-1.5 h-1.5 rounded-full"
                                style={{
+                                 backgroundColor: "#E67E22"
+                                 opacity: 0.3
-                                 opacity: "0.3"
+                                 transform: "translateX(903.0609035979386px) translateY(77.64354938426433px)"
-                                 transform: "none"
-                                 background-color: "rgb(230, 126, 34)"
                                }}
                                ref={function}
                              >
                            <motion.div className="absolute w..." style={{...}} initial={{...}} animate={{y:[...], ...}} ...>
                              <div
                                className="absolute w-1.5 h-1.5 rounded-full"
                                style={{
+                                 backgroundColor: "#E67E22"
+                                 opacity: 0.3
-                                 opacity: "0.3"
+                                 transform: "translateX(206.0650299213759px) translateY(210.75858769030933px)"
-                                 transform: "none"
-                                 background-color: "rgb(230, 126, 34)"
                                }}
                                ref={function}
                              >
                            <motion.div className="absolute w..." style={{...}} initial={{...}} animate={{y:[...], ...}} ...>
                              <div
                                className="absolute w-1.5 h-1.5 rounded-full"
                                style={{
+                                 backgroundColor: "#E67E22"
+                                 opacity: 0.3
-                                 opacity: "0.3"
+                                 transform: "translateX(869.7644828943493px) translateY(767.8746104138025px)"
-                                 transform: "none"
-                                 background-color: "rgb(230, 126, 34)"
                                }}
                                ref={function}
                              >
                            <motion.div className="absolute w..." style={{...}} initial={{...}} animate={{y:[...], ...}} ...>
                              <div
                                className="absolute w-1.5 h-1.5 rounded-full"
                                style={{
+                                 backgroundColor: "#E67E22"
+                                 opacity: 0.3
-                                 opacity: "0.3"
+                                 transform: "translateX(452.5464369358767px) translateY(595.8571001002607px)"
-                                 transform: "none"
-                                 background-color: "rgb(230, 126, 34)"
                                }}
                                ref={function}
                              >
                            <motion.div className="absolute w..." style={{...}} initial={{...}} animate={{y:[...], ...}} ...>
                              <div
                                className="absolute w-1.5 h-1.5 rounded-full"
                                style={{
+                                 backgroundColor: "#E67E22"
+                                 opacity: 0.3
-                                 opacity: "0.3"
+                                 transform: "translateX(363.2058345990748px) translateY(261.39411715896216px)"
-                                 transform: "none"
-                                 background-color: "rgb(230, 126, 34)"
                                }}
                                ref={function}
                              >
                            <motion.div className="absolute w..." style={{...}} initial={{...}} animate={{y:[...], ...}} ...>
                              <div
                                className="absolute w-1.5 h-1.5 rounded-full"
                                style={{
+                                 backgroundColor: "#E67E22"
+                                 opacity: 0.3
-                                 opacity: "0.3"
+                                 transform: "translateX(55.7908086792991px) translateY(889.4599453833318px)"
-                                 transform: "none"
-                                 background-color: "rgb(230, 126, 34)"
                                }}
                                ref={function}
                              >
                            <motion.div className="absolute w..." style={{...}} initial={{...}} animate={{y:[...], ...}} ...>
                              <div
                                className="absolute w-1.5 h-1.5 rounded-full"
                                style={{
+                                 backgroundColor: "#E67E22"
+                                 opacity: 0.3
-                                 opacity: "0.3"
+                                 transform: "translateX(460.7196058263935px) translateY(553.295544740937px)"
-                                 transform: "none"
-                                 background-color: "rgb(230, 126, 34)"
                                }}
                                ref={function}
                              >
                            <motion.div className="absolute w..." style={{...}} initial={{...}} animate={{y:[...], ...}} ...>
                              <div
                                className="absolute w-1.5 h-1.5 rounded-full"
                                style={{
+                                 backgroundColor: "#E67E22"
+                                 opacity: 0.3
-                                 opacity: "0.3"
+                                 transform: "translateX(904.2500153515646px) translateY(414.4432177122172px)"
-                                 transform: "none"
-                                 background-color: "rgb(230, 126, 34)"
                                }}
                                ref={function}
                              >
                            <motion.div className="absolute w..." style={{...}} initial={{...}} animate={{y:[...], ...}} ...>
                              <div
                                className="absolute w-1.5 h-1.5 rounded-full"
                                style={{
+                                 backgroundColor: "#E67E22"
+                                 opacity: 0.3
-                                 opacity: "0.3"
+                                 transform: "translateX(531.6083912838606px) translateY(690.4547448637838px)"
-                                 transform: "none"
-                                 background-color: "rgb(230, 126, 34)"
                                }}
                                ref={function}
                              >
                            <motion.div className="absolute w..." style={{...}} initial={{...}} animate={{y:[...], ...}} ...>
                              <div
                                className="absolute w-1.5 h-1.5 rounded-full"
                                style={{
+                                 backgroundColor: "#E67E22"
+                                 opacity: 0.3
-                                 opacity: "0.3"
+                                 transform: "translateX(113.95871872959603px) translateY(376.8200732803588px)"
-                                 transform: "none"
-                                 background-color: "rgb(230, 126, 34)"
                                }}
                                ref={function}
                              >
                            <motion.div className="absolute w..." style={{...}} initial={{...}} animate={{y:[...], ...}} ...>
                              <div
                                className="absolute w-1.5 h-1.5 rounded-full"
                                style={{
+                                 backgroundColor: "#E67E22"
+                                 opacity: 0.3
-                                 opacity: "0.3"
+                                 transform: "translateX(207.3040470801725px) translateY(608.0003167139165px)"
-                                 transform: "none"
-                                 background-color: "rgb(230, 126, 34)"
                                }}
                                ref={function}
                              >
                            <motion.div className="absolute w..." style={{...}} initial={{...}} animate={{y:[...], ...}} ...>
                              <div
                                className="absolute w-1.5 h-1.5 rounded-full"
                                style={{
+                                 backgroundColor: "#E67E22"
+                                 opacity: 0.3
-                                 opacity: "0.3"
+                                 transform: "translateX(282.33822369497983px) translateY(897.3848561528328px)"
-                                 transform: "none"
-                                 background-color: "rgb(230, 126, 34)"
                                }}
                                ref={function}
                              >
                            <motion.div className="absolute w..." style={{...}} initial={{...}} animate={{y:[...], ...}} ...>
                              <div
                                className="absolute w-1.5 h-1.5 rounded-full"
                                style={{
+                                 backgroundColor: "#E67E22"
+                                 opacity: 0.3
-                                 opacity: "0.3"
+                                 transform: "translateX(641.0704196499967px) translateY(510.93591595153794px)"
-                                 transform: "none"
-                                 background-color: "rgb(230, 126, 34)"
                                }}
                                ref={function}
                              >
                            <motion.div className="absolute w..." style={{...}} initial={{...}} animate={{y:[...], ...}} ...>
                              <div
                                className="absolute w-1.5 h-1.5 rounded-full"
                                style={{
+                                 backgroundColor: "#E67E22"
+                                 opacity: 0.3
-                                 opacity: "0.3"
+                                 transform: "translateX(402.90898695141664px) translateY(608.5286344375271px)"
-                                 transform: "none"
-                                 background-color: "rgb(230, 126, 34)"
                                }}
                                ref={function}
                              >
                          ...
                  <Team>
                  <ThankYou>
                    <SlideShell id="slide-10">
                      <section id="slide-10" className="snap-start..." style={{...}}>
                        <div>
                        <Glow>
                        <Glow>
                        <div className="relative z...">
                          <div className="absolute i...">
                            <motion.div>
                            <motion.div className="absolute w..." style={{...}} initial={{...}} animate={{y:[...], ...}} ...>
                              <div
                                className="absolute w-1 h-1 rounded-full"
                                style={{
+                                 backgroundColor: "#E67E22"
+                                 opacity: 0.2
-                                 opacity: "0.2"
+                                 transform: "translateX(670.4916369714493px) translateY(320.27992688384535px)"
-                                 transform: "none"
-                                 background-color: "rgb(230, 126, 34)"
                                }}
                                ref={function}
                              >
                            <motion.div className="absolute w..." style={{...}} initial={{...}} animate={{y:[...], ...}} ...>
                              <div
                                className="absolute w-1 h-1 rounded-full"
                                style={{
+                                 backgroundColor: "#E67E22"
+                                 opacity: 0.2
-                                 opacity: "0.2"
+                                 transform: "translateX(265.3222299854664px) translateY(791.8194837475994px)"
-                                 transform: "none"
-                                 background-color: "rgb(230, 126, 34)"
                                }}
                                ref={function}
                              >
                            <motion.div className="absolute w..." style={{...}} initial={{...}} animate={{y:[...], ...}} ...>
                              <div
                                className="absolute w-1 h-1 rounded-full"
                                style={{
+                                 backgroundColor: "#E67E22"
+                                 opacity: 0.2
-                                 opacity: "0.2"
+                                 transform: "translateX(451.33967420707376px) translateY(103.72775362549183px)"
-                                 transform: "none"
-                                 background-color: "rgb(230, 126, 34)"
                                }}
                                ref={function}
                              >
                            <motion.div className="absolute w..." style={{...}} initial={{...}} animate={{y:[...], ...}} ...>
                              <div
                                className="absolute w-1 h-1 rounded-full"
                                style={{
+                                 backgroundColor: "#E67E22"
+                                 opacity: 0.2
-                                 opacity: "0.2"
+                                 transform: "translateX(366.6603964348558px) translateY(615.0628499698283px)"
-                                 transform: "none"
-                                 background-color: "rgb(230, 126, 34)"
                                }}
                                ref={function}
                              >
                            <motion.div className="absolute w..." style={{...}} initial={{...}} animate={{y:[...], ...}} ...>
                              <div
                                className="absolute w-1 h-1 rounded-full"
                                style={{
+                                 backgroundColor: "#E67E22"
+                                 opacity: 0.2
-                                 opacity: "0.2"
+                                 transform: "translateX(922.9292761260915px) translateY(839.4182685257173px)"
-                                 transform: "none"
-                                 background-color: "rgb(230, 126, 34)"
                                }}
                                ref={function}
                              >
                            <motion.div className="absolute w..." style={{...}} initial={{...}} animate={{y:[...], ...}} ...>
                              <div
                                className="absolute w-1 h-1 rounded-full"
                                style={{
+                                 backgroundColor: "#E67E22"
+                                 opacity: 0.2
-                                 opacity: "0.2"
+                                 transform: "translateX(171.0169913246884px) translateY(757.4098135579784px)"
-                                 transform: "none"
-                                 background-color: "rgb(230, 126, 34)"
                                }}
                                ref={function}
                              >
                            <motion.div className="absolute w..." style={{...}} initial={{...}} animate={{y:[...], ...}} ...>
                              <div
                                className="absolute w-1 h-1 rounded-full"
                                style={{
+                                 backgroundColor: "#E67E22"
+                                 opacity: 0.2
-                                 opacity: "0.2"
+                                 transform: "translateX(207.6295459927456px) translateY(542.9687274290891px)"
-                                 transform: "none"
-                                 background-color: "rgb(230, 126, 34)"
                                }}
                                ref={function}
                              >
                            <motion.div className="absolute w..." style={{...}} initial={{...}} animate={{y:[...], ...}} ...>
                              <div
                                className="absolute w-1 h-1 rounded-full"
                                style={{
+                                 backgroundColor: "#E67E22"
+                                 opacity: 0.2
-                                 opacity: "0.2"
+                                 transform: "translateX(861.3729213538609px) translateY(13.139659939903108px)"
-                                 transform: "none"
-                                 background-color: "rgb(230, 126, 34)"
                                }}
                                ref={function}
                              >
                            <motion.div className="absolute w..." style={{...}} initial={{...}} animate={{y:[...], ...}} ...>
                              <div
                                className="absolute w-1 h-1 rounded-full"
                                style={{
+                                 backgroundColor: "#E67E22"
+                                 opacity: 0.2
-                                 opacity: "0.2"
+                                 transform: "translateX(23.166602369311384px) translateY(838.1076130983361px)"
-                                 transform: "none"
-                                 background-color: "rgb(230, 126, 34)"
                                }}
                                ref={function}
                              >
                            <motion.div className="absolute w..." style={{...}} initial={{...}} animate={{y:[...], ...}} ...>
                              <div
                                className="absolute w-1 h-1 rounded-full"
                                style={{
+                                 backgroundColor: "#E67E22"
+                                 opacity: 0.2
-                                 opacity: "0.2"
+                                 transform: "translateX(877.1228227521743px) translateY(167.44904023472245px)"
-                                 transform: "none"
-                                 background-color: "rgb(230, 126, 34)"
                                }}
                                ref={function}
                              >
                            <motion.div className="absolute w..." style={{...}} initial={{...}} animate={{y:[...], ...}} ...>
                              <div
                                className="absolute w-1 h-1 rounded-full"
                                style={{
+                                 backgroundColor: "#E67E22"
+                                 opacity: 0.2
-                                 opacity: "0.2"
+                                 transform: "translateX(595.1668200662823px) translateY(777.9690365447289px)"
-                                 transform: "none"
-                                 background-color: "rgb(230, 126, 34)"
                                }}
                                ref={function}
                              >
                            <motion.div className="absolute w..." style={{...}} initial={{...}} animate={{y:[...], ...}} ...>
                              <div
                                className="absolute w-1 h-1 rounded-full"
                                style={{
+                                 backgroundColor: "#E67E22"
+                                 opacity: 0.2
-                                 opacity: "0.2"
+                                 transform: "translateX(868.9175514885486px) translateY(271.0804955169991px)"
-                                 transform: "none"
-                                 background-color: "rgb(230, 126, 34)"
                                }}
                                ref={function}
                              >
                            <motion.div className="absolute w..." style={{...}} initial={{...}} animate={{y:[...], ...}} ...>
                              <div
                                className="absolute w-1 h-1 rounded-full"
                                style={{
+                                 backgroundColor: "#E67E22"
+                                 opacity: 0.2
-                                 opacity: "0.2"
+                                 transform: "translateX(545.3940211768229px) translateY(849.3916685806731px)"
-                                 transform: "none"
-                                 background-color: "rgb(230, 126, 34)"
                                }}
                                ref={function}
                              >
                            <motion.div className="absolute w..." style={{...}} initial={{...}} animate={{y:[...], ...}} ...>
                              <div
                                className="absolute w-1 h-1 rounded-full"
                                style={{
+                                 backgroundColor: "#E67E22"
+                                 opacity: 0.2
-                                 opacity: "0.2"
+                                 transform: "translateX(337.02555113431674px) translateY(398.40866091780003px)"
-                                 transform: "none"
-                                 background-color: "rgb(230, 126, 34)"
                                }}
                                ref={function}
                              >
                            <motion.div className="absolute w..." style={{...}} initial={{...}} animate={{y:[...], ...}} ...>
                              <div
                                className="absolute w-1 h-1 rounded-full"
                                style={{
+                                 backgroundColor: "#E67E22"
+                                 opacity: 0.2
-                                 opacity: "0.2"
+                                 transform: "translateX(561.0306105548786px) translateY(626.4383690487929px)"
-                                 transform: "none"
-                                 background-color: "rgb(230, 126, 34)"
                                }}
                                ref={function}
                              >
                            <motion.div className="absolute w..." style={{...}} initial={{...}} animate={{y:[...], ...}} ...>
                              <div
                                className="absolute w-1 h-1 rounded-full"
                                style={{
+                                 backgroundColor: "#E67E22"
+                                 opacity: 0.2
-                                 opacity: "0.2"
+                                 transform: "translateX(46.66713031026476px) translateY(557.862011730594px)"
-                                 transform: "none"
-                                 background-color: "rgb(230, 126, 34)"
                                }}
                                ref={function}
                              >
                            <motion.div className="absolute w..." style={{...}} initial={{...}} animate={{y:[...], ...}} ...>
                              <div
                                className="absolute w-1 h-1 rounded-full"
                                style={{
+                                 backgroundColor: "#E67E22"
+                                 opacity: 0.2
-                                 opacity: "0.2"
+                                 transform: "translateX(745.1604114729598px) translateY(399.4279666567556px)"
-                                 transform: "none"
-                                 background-color: "rgb(230, 126, 34)"
                                }}
                                ref={function}
                              >
                            <motion.div className="absolute w..." style={{...}} initial={{...}} animate={{y:[...], ...}} ...>
                              <div
                                className="absolute w-1 h-1 rounded-full"
                                style={{
+                                 backgroundColor: "#E67E22"
+                                 opacity: 0.2
-                                 opacity: "0.2"
+                                 transform: "translateX(216.4381572987361px) translateY(892.342850010191px)"
-                                 transform: "none"
-                                 background-color: "rgb(230, 126, 34)"
                                }}
                                ref={function}
                              >
                            <motion.div className="absolute w..." style={{...}} initial={{...}} animate={{y:[...], ...}} ...>
                              <div
                                className="absolute w-1 h-1 rounded-full"
                                style={{
+                                 backgroundColor: "#E67E22"
+                                 opacity: 0.2
-                                 opacity: "0.2"
+                                 transform: "translateX(154.24552265918797px) translateY(619.4018715302964px)"
-                                 transform: "none"
-                                 background-color: "rgb(230, 126, 34)"
                                }}
                                ref={function}
                              >
                            <motion.div className="absolute w..." style={{...}} initial={{...}} animate={{y:[...], ...}} ...>
                              <div
                                className="absolute w-1 h-1 rounded-full"
                                style={{
+                                 backgroundColor: "#E67E22"
+                                 opacity: 0.2
-                                 opacity: "0.2"
+                                 transform: "translateX(320.49167825385723px) translateY(787.8785170803494px)"
-                                 transform: "none"
-                                 background-color: "rgb(230, 126, 34)"
                                }}
                                ref={function}
                              >
                            ...
                          ...
                  ...
 @ http://localhost:8080/node_modules/.vite/deps/react-dom_client.js?v=812b95d1:4072
[   94552ms] [INFO] %cDownload the React DevTools for a better development experience: https://react.dev/link/react-devtools font-weight:bold @ http://localhost:8080/node_modules/.vite/deps/react-dom_client.js?v=812b95d1:20102
[   94660ms] [ERROR] A tree hydrated but some attributes of the server rendered HTML didn't match the client properties. This won't be patched up. This can happen if a SSR-ed Client Component used:

- A server/client branch `if (typeof window !== 'undefined')`.
- Variable input such as `Date.now()` or `Math.random()` which changes each time it's called.
- Date formatting in a user's locale which doesn't match the server.
- External changing data without sending a snapshot of it along with the HTML.
- Invalid HTML tag nesting.

It can also happen if the client has a browser extension installed which messes with the HTML before React loaded.

%s%s https://react.dev/link/hydration-mismatch 

  ...
    <SafeFragment fallback={null}>
      <SafeFragment getResetKey={function getResetKey} errorComponent={function ErrorComponent} ...>
        <SafeFragment fallback={function fallback}>
          <MatchInnerImpl matchId="//">
            <Lazy>
              <Presentation>
                <MouseGlow>
                <div ref={{current:null}} className="h-screen w..." style={{...}}>
                  <Hero>
                  <Hook>
                    <SlideShell id="slide-2">
                      <section id="slide-2" className="snap-start..." style={{...}}>
                        <div>
                        <Glow>
                        <Glow>
                        <div className="relative z...">
                          <div className="absolute i...">
                            <motion.div className="absolute w..." initial={{...}} animate={{y:[...], ...}} ...>
                              <div
                                className="absolute w-1 h-1 bg-[#E67E22] rounded-full"
                                style={{
+                                 opacity: 0.2
-                                 opacity: "0.2"
+                                 transform: "translateX(116.26083301147838px) translateY(825.8083268189785px)"
-                                 transform: "none"
                                }}
                                ref={function}
                              >
                            <motion.div className="absolute w..." initial={{...}} animate={{y:[...], ...}} ...>
                              <div
                                className="absolute w-1 h-1 bg-[#E67E22] rounded-full"
                                style={{
+                                 opacity: 0.2
-                                 opacity: "0.2"
+                                 transform: "translateX(18.319429072037632px) translateY(381.5123390465775px)"
-                                 transform: "none"
                                }}
                                ref={function}
                              >
                            <motion.div className="absolute w..." initial={{...}} animate={{y:[...], ...}} ...>
                              <div
                                className="absolute w-1 h-1 bg-[#E67E22] rounded-full"
                                style={{
+                                 opacity: 0.2
-                                 opacity: "0.2"
+                                 transform: "translateX(782.636583498342px) translateY(12.169390568894297px)"
-                                 transform: "none"
                                }}
                                ref={function}
                              >
                            <motion.div className="absolute w..." initial={{...}} animate={{y:[...], ...}} ...>
                              <div
                                className="absolute w-1 h-1 bg-[#E67E22] rounded-full"
                                style={{
+                                 opacity: 0.2
-                                 opacity: "0.2"
+                                 transform: "translateX(184.73934460763095px) translateY(520.7569831009816px)"
-                                 transform: "none"
                                }}
                                ref={function}
                              >
                            <motion.div className="absolute w..." initial={{...}} animate={{y:[...], ...}} ...>
                              <div
                                className="absolute w-1 h-1 bg-[#E67E22] rounded-full"
                                style={{
+                                 opacity: 0.2
-                                 opacity: "0.2"
+                                 transform: "translateX(123.7669238940745px) translateY(284.2319838620192px)"
-                                 transform: "none"
                                }}
                                ref={function}
                              >
                            <motion.div className="absolute w..." initial={{...}} animate={{y:[...], ...}} ...>
                              <div
                                className="absolute w-1 h-1 bg-[#E67E22] rounded-full"
                                style={{
+                                 opacity: 0.2
-                                 opacity: "0.2"
+                                 transform: "translateX(874.9397062426738px) translateY(540.7881444880762px)"
-                                 transform: "none"
                                }}
                                ref={function}
                              >
                            <motion.div className="absolute w..." initial={{...}} animate={{y:[...], ...}} ...>
                              <div
                                className="absolute w-1 h-1 bg-[#E67E22] rounded-full"
                                style={{
+                                 opacity: 0.2
-                                 opacity: "0.2"
+                                 transform: "translateX(242.3825233767366px) translateY(555.5297269744567px)"
-                                 transform: "none"
                                }}
                                ref={function}
                              >
                            <motion.div className="absolute w..." initial={{...}} animate={{y:[...], ...}} ...>
                              <div
                                className="absolute w-1 h-1 bg-[#E67E22] rounded-full"
                                style={{
+                                 opacity: 0.2
-                                 opacity: "0.2"
+                                 transform: "translateX(1.9899791882844386px) translateY(651.592768388986px)"
-                                 transform: "none"
                                }}
                                ref={function}
                              >
                            <motion.div className="absolute w..." initial={{...}} animate={{y:[...], ...}} ...>
                              <div
                                className="absolute w-1 h-1 bg-[#E67E22] rounded-full"
                                style={{
+                                 opacity: 0.2
-                                 opacity: "0.2"
+                                 transform: "translateX(393.3511062784506px) translateY(120.68969909067951px)"
-                                 transform: "none"
                                }}
                                ref={function}
                              >
                            <motion.div className="absolute w..." initial={{...}} animate={{y:[...], ...}} ...>
                              <div
                                className="absolute w-1 h-1 bg-[#E67E22] rounded-full"
                                style={{
+                                 opacity: 0.2
-                                 opacity: "0.2"
+                                 transform: "translateX(117.68604418161448px) translateY(206.79395191807475px)"
-                                 transform: "none"
                                }}
                                ref={function}
                              >
                            <motion.div className="absolute w..." initial={{...}} animate={{y:[...], ...}} ...>
                              <div
                                className="absolute w-1 h-1 bg-[#E67E22] rounded-full"
                                style={{
+                                 opacity: 0.2
-                                 opacity: "0.2"
+                                 transform: "translateX(836.4492153030344px) translateY(393.2333699420013px)"
-                                 transform: "none"
                                }}
                                ref={function}
                              >
                            <motion.div className="absolute w..." initial={{...}} animate={{y:[...], ...}} ...>
                              <div
                                className="absolute w-1 h-1 bg-[#E67E22] rounded-full"
                                style={{
+                                 opacity: 0.2
-                                 opacity: "0.2"
+                                 transform: "translateX(506.4049099984974px) translateY(322.04938805422603px)"
-                                 transform: "none"
                                }}
                                ref={function}
                              >
                            <motion.div className="absolute w..." initial={{...}} animate={{y:[...], ...}} ...>
                              <div
                                className="absolute w-1 h-1 bg-[#E67E22] rounded-full"
                                style={{
+                                 opacity: 0.2
-                                 opacity: "0.2"
+                                 transform: "translateX(380.44426057832277px) translateY(235.32862751515927px)"
-                                 transform: "none"
                                }}
                                ref={function}
                              >
                            <motion.div className="absolute w..." initial={{...}} animate={{y:[...], ...}} ...>
                              <div
                                className="absolute w-1 h-1 bg-[#E67E22] rounded-full"
                                style={{
+                                 opacity: 0.2
-                                 opacity: "0.2"
+                                 transform: "translateX(185.68629211757428px) translateY(592.7596257471246px)"
-                                 transform: "none"
                                }}
                                ref={function}
                              >
                            <motion.div className="absolute w..." initial={{...}} animate={{y:[...], ...}} ...>
                              <div
                                className="absolute w-1 h-1 bg-[#E67E22] rounded-full"
                                style={{
+                                 opacity: 0.2
-                                 opacity: "0.2"
+                                 transform: "translateX(124.40927010355321px) translateY(782.2417973839481px)"
-                                 transform: "none"
                                }}
                                ref={function}
                              >
                            <motion.div className="absolute w..." initial={{...}} animate={{y:[...], ...}} ...>
                              <div
                                className="absolute w-1 h-1 bg-[#E67E22] rounded-full"
                                style={{
+                                 opacity: 0.2
-                                 opacity: "0.2"
+                                 transform: "translateX(713.0481200741854px) translateY(389.8915625676871px)"
-                                 transform: "none"
                                }}
                                ref={function}
                              >
                            <motion.div className="absolute w..." initial={{...}} animate={{y:[...], ...}} ...>
                              <div
                                className="absolute w-1 h-1 bg-[#E67E22] rounded-full"
                                style={{
+                                 opacity: 0.2
-                                 opacity: "0.2"
+                                 transform: "translateX(102.1347866748336px) translateY(677.7209481989071px)"
-                                 transform: "none"
                                }}
                                ref={function}
                              >
                            <motion.div className="absolute w..." initial={{...}} animate={{y:[...], ...}} ...>
                              <div
                                className="absolute w-1 h-1 bg-[#E67E22] rounded-full"
                                style={{
+                                 opacity: 0.2
-                                 opacity: "0.2"
+                                 transform: "translateX(509.78542050144296px) translateY(159.84407044470225px)"
-                                 transform: "none"
                                }}
                                ref={function}
                              >
                            <motion.div className="absolute w..." initial={{...}} animate={{y:[...], ...}} ...>
                              <div
                                className="absolute w-1 h-1 bg-[#E67E22] rounded-full"
                                style={{
+                                 opacity: 0.2
-                                 opacity: "0.2"
+                                 transform: "translateX(663.9015562563076px) translateY(706.670056833px)"
-                                 transform: "none"
                                }}
                                ref={function}
                              >
                            <motion.div className="absolute w..." initial={{...}} animate={{y:[...], ...}} ...>
                              <div
                                className="absolute w-1 h-1 bg-[#E67E22] rounded-full"
                                style={{
+                                 opacity: 0.2
-                                 opacity: "0.2"
+                                 transform: "translateX(521.9230876478375px) translateY(357.45745946768096px)"
-                                 transform: "none"
                                }}
                                ref={function}
                              >
                          ...
                  <Smart>
                  <Methodology>
                    <SlideShell id="slide-4">
                      <section id="slide-4" className="snap-start..." style={{...}}>
                        <div>
                        <Glow>
                        <Glow>
                        <div className="relative z...">
                          <div className="absolute i...">
                            <motion.div className="absolute w..." style={{...}} initial={{...}} animate={{y:[...], ...}} ...>
                              <div
                                className="absolute w-1 h-1 rounded-full"
                                style={{
+                                 backgroundColor: "#E67E22"
+                                 opacity: 0.4
-                                 opacity: "0.4"
+                                 transform: "translateX(24.19242517757846px) translateY(73.30159202965024px)"
-                                 transform: "none"
-                                 background-color: "rgb(230, 126, 34)"
                                }}
                                ref={function}
                              >
                            <motion.div className="absolute w..." style={{...}} initial={{...}} animate={{y:[...], ...}} ...>
                              <div
                                className="absolute w-1 h-1 rounded-full"
                                style={{
+                                 backgroundColor: "#E67E22"
+                                 opacity: 0.4
-                                 opacity: "0.4"
+                                 transform: "translateX(639.3423184821401px) translateY(288.53908670520786px)"
-                                 transform: "none"
-                                 background-color: "rgb(230, 126, 34)"
                                }}
                                ref={function}
                              >
                            <motion.div className="absolute w..." style={{...}} initial={{...}} animate={{y:[...], ...}} ...>
                              <div
                                className="absolute w-1 h-1 rounded-full"
                                style={{
+                                 backgroundColor: "#E67E22"
+                                 opacity: 0.4
-                                 opacity: "0.4"
+                                 transform: "translateX(352.7470548345081px) translateY(445.32456774286453px)"
-                                 transform: "none"
-                                 background-color: "rgb(230, 126, 34)"
                                }}
                                ref={function}
                              >
                            <motion.div className="absolute w..." style={{...}} initial={{...}} animate={{y:[...], ...}} ...>
                              <div
                                className="absolute w-1 h-1 rounded-full"
                                style={{
+                                 backgroundColor: "#E67E22"
+                                 opacity: 0.4
-                                 opacity: "0.4"
+                                 transform: "translateX(624.0092013373334px) translateY(24.706281969806213px)"
-                                 transform: "none"
-                                 background-color: "rgb(230, 126, 34)"
                                }}
                                ref={function}
                              >
                            <motion.div className="absolute w..." style={{...}} initial={{...}} animate={{y:[...], ...}} ...>
                              <div
                                className="absolute w-1 h-1 rounded-full"
                                style={{
+                                 backgroundColor: "#E67E22"
+                                 opacity: 0.4
-                                 opacity: "0.4"
+                                 transform: "translateX(737.8408480988991px) translateY(798.4273451727258px)"
-                                 transform: "none"
-                                 background-color: "rgb(230, 126, 34)"
                                }}
                                ref={function}
                              >
                            <motion.div className="absolute w..." style={{...}} initial={{...}} animate={{y:[...], ...}} ...>
                              <div
                                className="absolute w-1 h-1 rounded-full"
                                style={{
+                                 backgroundColor: "#E67E22"
+                                 opacity: 0.4
-                                 opacity: "0.4"
+                                 transform: "translateX(195.36911086146645px) translateY(228.6141097290225px)"
-                                 transform: "none"
-                                 background-color: "rgb(230, 126, 34)"
                                }}
                                ref={function}
                              >
                            <motion.div className="absolute w..." style={{...}} initial={{...}} animate={{y:[...], ...}} ...>
                              <div
                                className="absolute w-1 h-1 rounded-full"
                                style={{
+                                 backgroundColor: "#E67E22"
+                                 opacity: 0.4
-                                 opacity: "0.4"
+                                 transform: "translateX(28.915554312414326px) translateY(864.8448999184445px)"
-                                 transform: "none"
-                                 background-color: "rgb(230, 126, 34)"
                                }}
                                ref={function}
                              >
                            <motion.div className="absolute w..." style={{...}} initial={{...}} animate={{y:[...], ...}} ...>
                              <div
                                className="absolute w-1 h-1 rounded-full"
                                style={{
+                                 backgroundColor: "#E67E22"
+                                 opacity: 0.4
-                                 opacity: "0.4"
+                                 transform: "translateX(160.59977805129236px) translateY(762.4523326475655px)"
-                                 transform: "none"
-                                 background-color: "rgb(230, 126, 34)"
                                }}
                                ref={function}
                              >
                            <motion.div className="absolute w..." style={{...}} initial={{...}} animate={{y:[...], ...}} ...>
                              <div
                                className="absolute w-1 h-1 rounded-full"
                                style={{
+                                 backgroundColor: "#E67E22"
+                                 opacity: 0.4
-                                 opacity: "0.4"
+                                 transform: "translateX(86.6909503788674px) translateY(481.7368337402035px)"
-                                 transform: "none"
-                                 background-color: "rgb(230, 126, 34)"
                                }}
                                ref={function}
                              >
                            <motion.div className="absolute w..." style={{...}} initial={{...}} animate={{y:[...], ...}} ...>
                              <div
                                className="absolute w-1 h-1 rounded-full"
                                style={{
+                                 backgroundColor: "#E67E22"
+                                 opacity: 0.4
-                                 opacity: "0.4"
+                                 transform: "translateX(368.78749816172456px) translateY(377.33223087172007px)"
-                                 transform: "none"
-                                 background-color: "rgb(230, 126, 34)"
                                }}
                                ref={function}
                              >
                            <motion.div className="absolute w..." style={{...}} initial={{...}} animate={{y:[...], ...}} ...>
                              <div
                                className="absolute w-1 h-1 rounded-full"
                                style={{
+                                 backgroundColor: "#E67E22"
+                                 opacity: 0.4
-                                 opacity: "0.4"
+                                 transform: "translateX(861.5923606948794px) translateY(104.58079753376737px)"
-                                 transform: "none"
-                                 background-color: "rgb(230, 126, 34)"
                                }}
                                ref={function}
                              >
                            <motion.div className="absolute w..." style={{...}} initial={{...}} animate={{y:[...], ...}} ...>
                              <div
                                className="absolute w-1 h-1 rounded-full"
                                style={{
+                                 backgroundColor: "#E67E22"
+                                 opacity: 0.4
-                                 opacity: "0.4"
+                                 transform: "translateX(602.2775802646805px) translateY(613.1017106500195px)"
-                                 transform: "none"
-                                 background-color: "rgb(230, 126, 34)"
                                }}
                                ref={function}
                              >
                          ...
                  <Budget>
                    <SlideShell id="slide-5">
                      <section id="slide-5" className="snap-start..." style={{...}}>
                        <div>
                        <Glow>
                        <Glow>
                        <div className="relative z...">
                          <div className="absolute i...">
                            <motion.div className="absolute w..." style={{...}} initial={{...}} animate={{y:[...], ...}} ...>
                              <div
                                className="absolute w-1 h-1 rounded-full"
                                style={{
+                                 backgroundColor: "#E67E22"
+                                 opacity: 0.3
-                                 opacity: "0.3"
+                                 transform: "translateX(870.0642516884915px) translateY(824.221697187924px)"
-                                 transform: "none"
-                                 background-color: "rgb(230, 126, 34)"
                                }}
                                ref={function}
                              >
                            <motion.div className="absolute w..." style={{...}} initial={{...}} animate={{y:[...], ...}} ...>
                              <div
                                className="absolute w-1 h-1 rounded-full"
                                style={{
+                                 backgroundColor: "#E67E22"
+                                 opacity: 0.3
-                                 opacity: "0.3"
+                                 transform: "translateX(702.8785872659264px) translateY(314.0470009071841px)"
-                                 transform: "none"
-                                 background-color: "rgb(230, 126, 34)"
                                }}
                                ref={function}
                              >
                            <motion.div className="absolute w..." style={{...}} initial={{...}} animate={{y:[...], ...}} ...>
                              <div
                                className="absolute w-1 h-1 rounded-full"
                                style={{
+                                 backgroundColor: "#E67E22"
+                                 opacity: 0.3
-                                 opacity: "0.3"
+                                 transform: "translateX(59.96951104016228px) translateY(318.48160110842633px)"
-                                 transform: "none"
-                                 background-color: "rgb(230, 126, 34)"
                                }}
                                ref={function}
                              >
                            <motion.div className="absolute w..." style={{...}} initial={{...}} animate={{y:[...], ...}} ...>
                              <div
                                className="absolute w-1 h-1 rounded-full"
                                style={{
+                                 backgroundColor: "#E67E22"
+                                 opacity: 0.3
-                                 opacity: "0.3"
+                                 transform: "translateX(647.2780873761164px) translateY(790.6826343293202px)"
-                                 transform: "none"
-                                 background-color: "rgb(230, 126, 34)"
                                }}
                                ref={function}
                              >
                            <motion.div className="absolute w..." style={{...}} initial={{...}} animate={{y:[...], ...}} ...>
                              <div
                                className="absolute w-1 h-1 rounded-full"
                                style={{
+                                 backgroundColor: "#E67E22"
+                                 opacity: 0.3
-                                 opacity: "0.3"
+                                 transform: "translateX(7.841571047814707px) translateY(717.1451908350531px)"
-                                 transform: "none"
-                                 background-color: "rgb(230, 126, 34)"
                                }}
                                ref={function}
                              >
                            <motion.div className="absolute w..." style={{...}} initial={{...}} animate={{y:[...], ...}} ...>
                              <div
                                className="absolute w-1 h-1 rounded-full"
                                style={{
+                                 backgroundColor: "#E67E22"
+                                 opacity: 0.3
-                                 opacity: "0.3"
+                                 transform: "translateX(511.2584162106577px) translateY(297.5828786950143px)"
-                                 transform: "none"
-                                 background-color: "rgb(230, 126, 34)"
                                }}
                                ref={function}
                              >
                            <motion.div className="absolute w..." style={{...}} initial={{...}} animate={{y:[...], ...}} ...>
                              <div
                                className="absolute w-1 h-1 rounded-full"
                                style={{
+                                 backgroundColor: "#E67E22"
+                                 opacity: 0.3
-                                 opacity: "0.3"
+                                 transform: "translateX(621.2002875492166px) translateY(544.1851707039233px)"
-                                 transform: "none"
-                                 background-color: "rgb(230, 126, 34)"
                                }}
                                ref={function}
                              >
                            <motion.div className="absolute w..." style={{...}} initial={{...}} animate={{y:[...], ...}} ...>
                              <div
                                className="absolute w-1 h-1 rounded-full"
                                style={{
+                                 backgroundColor: "#E67E22"
+                                 opacity: 0.3
-                                 opacity: "0.3"
+                                 transform: "translateX(467.91476336169046px) translateY(507.88104484419006px)"
-                                 transform: "none"
-                                 background-color: "rgb(230, 126, 34)"
                                }}
                                ref={function}
                              >
                            <motion.div className="absolute w..." style={{...}} initial={{...}} animate={{y:[...], ...}} ...>
                              <div
                                className="absolute w-1 h-1 rounded-full"
                                style={{
+                                 backgroundColor: "#E67E22"
+                                 opacity: 0.3
-                                 opacity: "0.3"
+                                 transform: "translateX(725.3996840571189px) translateY(183.0896529880348px)"
-                                 transform: "none"
-                                 background-color: "rgb(230, 126, 34)"
                                }}
                                ref={function}
                              >
                            <motion.div className="absolute w..." style={{...}} initial={{...}} animate={{y:[...], ...}} ...>
                              <div
                                className="absolute w-1 h-1 rounded-full"
                                style={{
+                                 backgroundColor: "#E67E22"
+                                 opacity: 0.3
-                                 opacity: "0.3"
+                                 transform: "translateX(180.22814604592267px) translateY(192.39703919115274px)"
-                                 transform: "none"
-                                 background-color: "rgb(230, 126, 34)"
                                }}
                                ref={function}
                              >
                            <motion.div className="absolute w..." style={{...}} initial={{...}} animate={{y:[...], ...}} ...>
                              <div
                                className="absolute w-1 h-1 rounded-full"
                                style={{
+                                 backgroundColor: "#E67E22"
+                                 opacity: 0.3
-                                 opacity: "0.3"
+                                 transform: "translateX(155.35026309441744px) translateY(144.73685355750055px)"
-                                 transform: "none"
-                                 background-color: "rgb(230, 126, 34)"
                                }}
                                ref={function}
                              >
                            <motion.div className="absolute w..." style={{...}} initial={{...}} animate={{y:[...], ...}} ...>
                              <div
                                className="absolute w-1 h-1 rounded-full"
                                style={{
+                                 backgroundColor: "#E67E22"
+                                 opacity: 0.3
-                                 opacity: "0.3"
+                                 transform: "translateX(648.4728943212168px) translateY(813.2170443130074px)"
-                                 transform: "none"
-                                 background-color: "rgb(230, 126, 34)"
                                }}
                                ref={function}
                              >
                            <motion.div className="absolute w..." style={{...}} initial={{...}} animate={{y:[...], ...}} ...>
                              <div
                                className="absolute w-1 h-1 rounded-full"
                                style={{
+                                 backgroundColor: "#E67E22"
+                                 opacity: 0.3
-                                 opacity: "0.3"
+                                 transform: "translateX(278.5626441452715px) translateY(533.3258462045367px)"
-                                 transform: "none"
-                                 background-color: "rgb(230, 126, 34)"
                                }}
                                ref={function}
                              >
                            <motion.div className="absolute w..." style={{...}} initial={{...}} animate={{y:[...], ...}} ...>
                              <div
                                className="absolute w-1 h-1 rounded-full"
                                style={{
+                                 backgroundColor: "#E67E22"
+                                 opacity: 0.3
-                                 opacity: "0.3"
+                                 transform: "translateX(804.8789084240567px) translateY(616.0237537035412px)"
-                                 transform: "none"
-                                 background-color: "rgb(230, 126, 34)"
                                }}
                                ref={function}
                              >
                            <motion.div className="absolute w..." style={{...}} initial={{...}} animate={{y:[...], ...}} ...>
                              <div
                                className="absolute w-1 h-1 rounded-full"
                                style={{
+                                 backgroundColor: "#E67E22"
+                                 opacity: 0.3
-                                 opacity: "0.3"
+                                 transform: "translateX(838.2025732616842px) translateY(728.0952879653495px)"
-                                 transform: "none"
-                                 background-color: "rgb(230, 126, 34)"
                                }}
                                ref={function}
                              >
                          ...
                  <SmartAppFeatures>
                    <SlideShell id="slide-feat...">
                      <section id="slide-feat..." className="snap-start..." style={{...}}>
                        <div>
                        <Glow>
                        <Glow>
                        <div className="relative z...">
                          <div className="absolute i...">
                            <motion.div className="absolute w..." style={{...}} initial={{...}} animate={{y:[...], ...}} ...>
                              <div
                                className="absolute w-1 h-1 rounded-full"
                                style={{
+                                 backgroundColor: "#E67E22"
+                                 opacity: 0.2
-                                 opacity: "0.2"
+                                 transform: "translateX(287.063986642135px) translateY(320.17813148264173px)"
-                                 transform: "none"
-                                 background-color: "rgb(230, 126, 34)"
                                }}
                                ref={function}
                              >
                            <motion.div className="absolute w..." style={{...}} initial={{...}} animate={{y:[...], ...}} ...>
                              <div
                                className="absolute w-1 h-1 rounded-full"
                                style={{
+                                 backgroundColor: "#E67E22"
+                                 opacity: 0.2
-                                 opacity: "0.2"
+                                 transform: "translateX(425.16596816042164px) translateY(678.5354737239454px)"
-                                 transform: "none"
-                                 background-color: "rgb(230, 126, 34)"
                                }}
                                ref={function}
                              >
                            <motion.div className="absolute w..." style={{...}} initial={{...}} animate={{y:[...], ...}} ...>
                              <div
                                className="absolute w-1 h-1 rounded-full"
                                style={{
+                                 backgroundColor: "#E67E22"
+                                 opacity: 0.2
-                                 opacity: "0.2"
+                                 transform: "translateX(384.6181658120592px) translateY(140.46675303278278px)"
-                                 transform: "none"
-                                 background-color: "rgb(230, 126, 34)"
                                }}
                                ref={function}
                              >
                            <motion.div className="absolute w..." style={{...}} initial={{...}} animate={{y:[...], ...}} ...>
                              <div
                                className="absolute w-1 h-1 rounded-full"
                                style={{
+                                 backgroundColor: "#E67E22"
+                                 opacity: 0.2
-                                 opacity: "0.2"
+                                 transform: "translateX(259.6711579466453px) translateY(184.42313355742044px)"
-                                 transform: "none"
-                                 background-color: "rgb(230, 126, 34)"
                                }}
                                ref={function}
                              >
                            <motion.div className="absolute w..." style={{...}} initial={{...}} animate={{y:[...], ...}} ...>
                              <div
                                className="absolute w-1 h-1 rounded-full"
                                style={{
+                                 backgroundColor: "#E67E22"
+                                 opacity: 0.2
-                                 opacity: "0.2"
+                                 transform: "translateX(23.370252725547985px) translateY(585.330164848209px)"
-                                 transform: "none"
-                                 background-color: "rgb(230, 126, 34)"
                                }}
                                ref={function}
                              >
                            <motion.div className="absolute w..." style={{...}} initial={{...}} animate={{y:[...], ...}} ...>
                              <div
                                className="absolute w-1 h-1 rounded-full"
                                style={{
+                                 backgroundColor: "#E67E22"
+                                 opacity: 0.2
-                                 opacity: "0.2"
+                                 transform: "translateX(160.28757301027883px) translateY(758.3394578786462px)"
-                                 transform: "none"
-                                 background-color: "rgb(230, 126, 34)"
                                }}
                                ref={function}
                              >
                            <motion.div className="absolute w..." style={{...}} initial={{...}} animate={{y:[...], ...}} ...>
                              <div
                                className="absolute w-1 h-1 rounded-full"
                                style={{
+                                 backgroundColor: "#E67E22"
+                                 opacity: 0.2
-                                 opacity: "0.2"
+                                 transform: "translateX(451.20510063634487px) translateY(675.2343254344818px)"
-                                 transform: "none"
-                                 background-color: "rgb(230, 126, 34)"
                                }}
                                ref={function}
                              >
                            <motion.div className="absolute w..." style={{...}} initial={{...}} animate={{y:[...], ...}} ...>
                              <div
                                className="absolute w-1 h-1 rounded-full"
                                style={{
+                                 backgroundColor: "#E67E22"
+                                 opacity: 0.2
-                                 opacity: "0.2"
+                                 transform: "translateX(392.89601694636724px) translateY(803.2600781333268px)"
-                                 transform: "none"
-                                 background-color: "rgb(230, 126, 34)"
                                }}
                                ref={function}
                              >
                            <motion.div className="absolute w..." style={{...}} initial={{...}} animate={{y:[...], ...}} ...>
                              <div
                                className="absolute w-1 h-1 rounded-full"
                                style={{
+                                 backgroundColor: "#E67E22"
+                                 opacity: 0.2
-                                 opacity: "0.2"
+                                 transform: "translateX(806.0271013997035px) translateY(628.6383140806776px)"
-                                 transform: "none"
-                                 background-color: "rgb(230, 126, 34)"
                                }}
                                ref={function}
                              >
                            <motion.div className="absolute w..." style={{...}} initial={{...}} animate={{y:[...], ...}} ...>
                              <div
                                className="absolute w-1 h-1 rounded-full"
                                style={{
+                                 backgroundColor: "#E67E22"
+                                 opacity: 0.2
-                                 opacity: "0.2"
+                                 transform: "translateX(492.1970420621833px) translateY(49.669959075188px)"
-                                 transform: "none"
-                                 background-color: "rgb(230, 126, 34)"
                                }}
                                ref={function}
                              >
                            <motion.div className="absolute w..." style={{...}} initial={{...}} animate={{y:[...], ...}} ...>
                              <div
                                className="absolute w-1 h-1 rounded-full"
                                style={{
+                                 backgroundColor: "#E67E22"
+                                 opacity: 0.2
-                                 opacity: "0.2"
+                                 transform: "translateX(54.98589164216181px) translateY(315.9183290028701px)"
-                                 transform: "none"
-                                 background-color: "rgb(230, 126, 34)"
                                }}
                                ref={function}
                              >
                            <motion.div className="absolute w..." style={{...}} initial={{...}} animate={{y:[...], ...}} ...>
                              <div
                                className="absolute w-1 h-1 rounded-full"
                                style={{
+                                 backgroundColor: "#E67E22"
+                                 opacity: 0.2
-                                 opacity: "0.2"
+                                 transform: "translateX(450.6818376664074px) translateY(533.8020434707844px)"
-                                 transform: "none"
-                                 background-color: "rgb(230, 126, 34)"
                                }}
                                ref={function}
                              >
                            <motion.div className="absolute w..." style={{...}} initial={{...}} animate={{y:[...], ...}} ...>
                              <div
                                className="absolute w-1 h-1 rounded-full"
                                style={{
+                                 backgroundColor: "#E67E22"
+                                 opacity: 0.2
-                                 opacity: "0.2"
+                                 transform: "translateX(911.2581714522898px) translateY(762.7786929753488px)"
-                                 transform: "none"
-                                 background-color: "rgb(230, 126, 34)"
                                }}
                                ref={function}
                              >
                            <motion.div className="absolute w..." style={{...}} initial={{...}} animate={{y:[...], ...}} ...>
                              <div
                                className="absolute w-1 h-1 rounded-full"
                                style={{
+                                 backgroundColor: "#E67E22"
+                                 opacity: 0.2
-                                 opacity: "0.2"
+                                 transform: "translateX(782.0325653091255px) translateY(482.09519773771365px)"
-                                 transform: "none"
-                                 background-color: "rgb(230, 126, 34)"
                                }}
                                ref={function}
                              >
                            <motion.div className="absolute w..." style={{...}} initial={{...}} animate={{y:[...], ...}} ...>
                              <div
                                className="absolute w-1 h-1 rounded-full"
                                style={{
+                                 backgroundColor: "#E67E22"
+                                 opacity: 0.2
-                                 opacity: "0.2"
+                                 transform: "translateX(373.10462982303085px) translateY(723.8117345371638px)"
-                                 transform: "none"
-                                 background-color: "rgb(230, 126, 34)"
                                }}
                                ref={function}
                              >
                          ...
                  <UserJourney>
                    <SlideShell id="slide-6">
                      <section id="slide-6" className="snap-start..." style={{...}}>
                        <div>
                        <Glow>
                        <Glow>
                        <div className="relative z...">
                          <div className="absolute i...">
                            <motion.div className="absolute w..." style={{...}} initial={{...}} animate={{y:[...], ...}} ...>
                              <div
                                className="absolute w-1 h-1 rounded-full"
                                style={{
+                                 backgroundColor: "#E67E22"
+                                 opacity: 0.3
-                                 opacity: "0.3"
+                                 transform: "translateX(482.05163842335145px) translateY(568.7869208181235px)"
-                                 transform: "none"
-                                 background-color: "rgb(230, 126, 34)"
                                }}
                                ref={function}
                              >
                            <motion.div className="absolute w..." style={{...}} initial={{...}} animate={{y:[...], ...}} ...>
                              <div
                                className="absolute w-1 h-1 rounded-full"
                                style={{
+                                 backgroundColor: "#E67E22"
+                                 opacity: 0.3
-                                 opacity: "0.3"
+                                 transform: "translateX(10.777116571222813px) translateY(374.943033812267px)"
-                                 transform: "none"
-                                 background-color: "rgb(230, 126, 34)"
                                }}
                                ref={function}
                              >
                            <motion.div className="absolute w..." style={{...}} initial={{...}} animate={{y:[...], ...}} ...>
                              <div
                                className="absolute w-1 h-1 rounded-full"
                                style={{
+                                 backgroundColor: "#E67E22"
+                                 opacity: 0.3
-                                 opacity: "0.3"
+                                 transform: "translateX(729.260648582223px) translateY(468.65791308042037px)"
-                                 transform: "none"
-                                 background-color: "rgb(230, 126, 34)"
                                }}
                                ref={function}
                              >
                            <motion.div className="absolute w..." style={{...}} initial={{...}} animate={{y:[...], ...}} ...>
                              <div
                                className="absolute w-1 h-1 rounded-full"
                                style={{
+                                 backgroundColor: "#E67E22"
+                                 opacity: 0.3
-                                 opacity: "0.3"
+                                 transform: "translateX(767.6162701459135px) translateY(239.16367277023127px)"
-                                 transform: "none"
-                                 background-color: "rgb(230, 126, 34)"
                                }}
                                ref={function}
                              >
                            <motion.div className="absolute w..." style={{...}} initial={{...}} animate={{y:[...], ...}} ...>
                              <div
                                className="absolute w-1 h-1 rounded-full"
                                style={{
+                                 backgroundColor: "#E67E22"
+                                 opacity: 0.3
-                                 opacity: "0.3"
+                                 transform: "translateX(293.5888104459266px) translateY(338.68282688499727px)"
-                                 transform: "none"
-                                 background-color: "rgb(230, 126, 34)"
                                }}
                                ref={function}
                              >
                            <motion.div className="absolute w..." style={{...}} initial={{...}} animate={{y:[...], ...}} ...>
                              <div
                                className="absolute w-1 h-1 rounded-full"
                                style={{
+                                 backgroundColor: "#E67E22"
+                                 opacity: 0.3
-                                 opacity: "0.3"
+                                 transform: "translateX(338.26330178967345px) translateY(610.7268749304848px)"
-                                 transform: "none"
-                                 background-color: "rgb(230, 126, 34)"
                                }}
                                ref={function}
                              >
                            <motion.div className="absolute w..." style={{...}} initial={{...}} animate={{y:[...], ...}} ...>
                              <div
                                className="absolute w-1 h-1 rounded-full"
                                style={{
+                                 backgroundColor: "#E67E22"
+                                 opacity: 0.3
-                                 opacity: "0.3"
+                                 transform: "translateX(175.51865146631636px) translateY(261.71238348139883px)"
-                                 transform: "none"
-                                 background-color: "rgb(230, 126, 34)"
                                }}
                                ref={function}
                              >
                            <motion.div className="absolute w..." style={{...}} initial={{...}} animate={{y:[...], ...}} ...>
                              <div
                                className="absolute w-1 h-1 rounded-full"
                                style={{
+                                 backgroundColor: "#E67E22"
+                                 opacity: 0.3
-                                 opacity: "0.3"
+                                 transform: "translateX(789.4671426470045px) translateY(290.0825576680528px)"
-                                 transform: "none"
-                                 background-color: "rgb(230, 126, 34)"
                                }}
                                ref={function}
                              >
                            <motion.div className="absolute w..." style={{...}} initial={{...}} animate={{y:[...], ...}} ...>
                              <div
                                className="absolute w-1 h-1 rounded-full"
                                style={{
+                                 backgroundColor: "#E67E22"
+                                 opacity: 0.3
-                                 opacity: "0.3"
+                                 transform: "translateX(698.4283679204699px) translateY(523.2073978696192px)"
-                                 transform: "none"
-                                 background-color: "rgb(230, 126, 34)"
                                }}
                                ref={function}
                              >
                            <motion.div className="absolute w..." style={{...}} initial={{...}} animate={{y:[...], ...}} ...>
                              <div
                                className="absolute w-1 h-1 rounded-full"
                                style={{
+                                 backgroundColor: "#E67E22"
+                                 opacity: 0.3
-                                 opacity: "0.3"
+                                 transform: "translateX(748.796663919401px) translateY(698.5047138487458px)"
-                                 transform: "none"
-                                 background-color: "rgb(230, 126, 34)"
                                }}
                                ref={function}
                              >
                            <motion.div className="absolute w..." style={{...}} initial={{...}} animate={{y:[...], ...}} ...>
                              <div
                                className="absolute w-1 h-1 rounded-full"
                                style={{
+                                 backgroundColor: "#E67E22"
+                                 opacity: 0.3
-                                 opacity: "0.3"
+                                 transform: "translateX(350.78318392849803px) translateY(83.00085075342795px)"
-                                 transform: "none"
-                                 background-color: "rgb(230, 126, 34)"
                                }}
                                ref={function}
                              >
                            <motion.div className="absolute w..." style={{...}} initial={{...}} animate={{y:[...], ...}} ...>
                              <div
                                className="absolute w-1 h-1 rounded-full"
                                style={{
+                                 backgroundColor: "#E67E22"
+                                 opacity: 0.3
-                                 opacity: "0.3"
+                                 transform: "translateX(65.53629957511521px) translateY(413.01729402982915px)"
-                                 transform: "none"
-                                 background-color: "rgb(230, 126, 34)"
                                }}
                                ref={function}
                              >
                            <motion.div className="absolute w..." style={{...}} initial={{...}} animate={{y:[...], ...}} ...>
                              <div
                                className="absolute w-1 h-1 rounded-full"
                                style={{
+                                 backgroundColor: "#E67E22"
+                                 opacity: 0.3
-                                 opacity: "0.3"
+                                 transform: "translateX(303.91483845225025px) translateY(414.99266210091287px)"
-                                 transform: "none"
-                                 background-color: "rgb(230, 126, 34)"
                                }}
                                ref={function}
                              >
                            <motion.div className="absolute w..." style={{...}} initial={{...}} animate={{y:[...], ...}} ...>
                              <div
                                className="absolute w-1 h-1 rounded-full"
                                style={{
+                                 backgroundColor: "#E67E22"
+                                 opacity: 0.3
-                                 opacity: "0.3"
+                                 transform: "translateX(778.1192634009237px) translateY(403.13892237490205px)"
-                                 transform: "none"
-                                 background-color: "rgb(230, 126, 34)"
                                }}
                                ref={function}
                              >
                            <motion.div className="absolute w..." style={{...}} initial={{...}} animate={{y:[...], ...}} ...>
                              <div
                                className="absolute w-1 h-1 rounded-full"
                                style={{
+                                 backgroundColor: "#E67E22"
+                                 opacity: 0.3
-                                 opacity: "0.3"
+                                 transform: "translateX(693.0149519667614px) translateY(775.2000920676868px)"
-                                 transform: "none"
-                                 background-color: "rgb(230, 126, 34)"
                                }}
                                ref={function}
                              >
                            <motion.div className="absolute w..." style={{...}} initial={{...}} animate={{y:[...], ...}} ...>
                              <div
                                className="absolute w-1 h-1 rounded-full"
                                style={{
+                                 backgroundColor: "#E67E22"
+                                 opacity: 0.3
-                                 opacity: "0.3"
+                                 transform: "translateX(18.405495247141076px) translateY(270.0470983871372px)"
-                                 transform: "none"
-                                 background-color: "rgb(230, 126, 34)"
                                }}
                                ref={function}
                              >
                            <motion.div className="absolute w..." style={{...}} initial={{...}} animate={{y:[...], ...}} ...>
                              <div
                                className="absolute w-1 h-1 rounded-full"
                                style={{
+                                 backgroundColor: "#E67E22"
+                                 opacity: 0.3
-                                 opacity: "0.3"
+                                 transform: "translateX(245.15650409606386px) translateY(387.4538920442591px)"
-                                 transform: "none"
-                                 background-color: "rgb(230, 126, 34)"
                                }}
                                ref={function}
                              >
                            <motion.div className="absolute w..." style={{...}} initial={{...}} animate={{y:[...], ...}} ...>
                              <div
                                className="absolute w-1 h-1 rounded-full"
                                style={{
+                                 backgroundColor: "#E67E22"
+                                 opacity: 0.3
-                                 opacity: "0.3"
+                                 transform: "translateX(4.146438515829641px) translateY(229.2881078015204px)"
-                                 transform: "none"
-                                 background-color: "rgb(230, 126, 34)"
                                }}
                                ref={function}
                              >
                            <motion.div className="absolute w..." style={{...}} initial={{...}} animate={{y:[...], ...}} ...>
                              <div
                                className="absolute w-1 h-1 rounded-full"
                                style={{
+                                 backgroundColor: "#E67E22"
+                                 opacity: 0.3
-                                 opacity: "0.3"
+                                 transform: "translateX(299.78702225835576px) translateY(477.7244728329642px)"
-                                 transform: "none"
-                                 background-color: "rgb(230, 126, 34)"
                                }}
                                ref={function}
                              >
                            <motion.div className="absolute w..." style={{...}} initial={{...}} animate={{y:[...], ...}} ...>
                              <div
                                className="absolute w-1 h-1 rounded-full"
                                style={{
+                                 backgroundColor: "#E67E22"
+                                 opacity: 0.3
-                                 opacity: "0.3"
+                                 transform: "translateX(820.9546520861874px) translateY(474.3256984356841px)"
-                                 transform: "none"
-                                 background-color: "rgb(230, 126, 34)"
                                }}
                                ref={function}
                              >
                          ...
                  <RiskAssessment>
                    <SlideShell id="slide-7">
                      <section id="slide-7" className="snap-start..." style={{...}}>
                        <div>
                        <Glow>
                        <Glow>
                        <div className="relative z...">
                          <div className="absolute i...">
                            <motion.div className="absolute w..." style={{...}} initial={{...}} animate={{y:[...], ...}} ...>
                              <div
                                className="absolute w-1 h-1 rounded-full"
                                style={{
+                                 backgroundColor: "#E67E22"
+                                 opacity: 0.3
-                                 opacity: "0.3"
+                                 transform: "translateX(296.35550534901625px) translateY(542.8016981583444px)"
-                                 transform: "none"
-                                 background-color: "rgb(230, 126, 34)"
                                }}
                                ref={function}
                              >
                            <motion.div className="absolute w..." style={{...}} initial={{...}} animate={{y:[...], ...}} ...>
                              <div
                                className="absolute w-1 h-1 rounded-full"
                                style={{
+                                 backgroundColor: "#E67E22"
+                                 opacity: 0.3
-                                 opacity: "0.3"
+                                 transform: "translateX(726.4311998603317px) translateY(324.20128295504384px)"
-                                 transform: "none"
-                                 background-color: "rgb(230, 126, 34)"
                                }}
                                ref={function}
                              >
                            <motion.div className="absolute w..." style={{...}} initial={{...}} animate={{y:[...], ...}} ...>
                              <div
                                className="absolute w-1 h-1 rounded-full"
                                style={{
+                                 backgroundColor: "#E67E22"
+                                 opacity: 0.3
-                                 opacity: "0.3"
+                                 transform: "translateX(381.17342659373304px) translateY(91.16672422038727px)"
-                                 transform: "none"
-                                 background-color: "rgb(230, 126, 34)"
                                }}
                                ref={function}
                              >
                            <motion.div className="absolute w..." style={{...}} initial={{...}} animate={{y:[...], ...}} ...>
                              <div
                                className="absolute w-1 h-1 rounded-full"
                                style={{
+                                 backgroundColor: "#E67E22"
+                                 opacity: 0.3
-                                 opacity: "0.3"
+                                 transform: "translateX(278.4487425373892px) translateY(457.6514134189308px)"
-                                 transform: "none"
-                                 background-color: "rgb(230, 126, 34)"
                                }}
                                ref={function}
                              >
                            <motion.div className="absolute w..." style={{...}} initial={{...}} animate={{y:[...], ...}} ...>
                              <div
                                className="absolute w-1 h-1 rounded-full"
                                style={{
+                                 backgroundColor: "#E67E22"
+                                 opacity: 0.3
-                                 opacity: "0.3"
+                                 transform: "translateX(234.4340133993963px) translateY(210.1627612031216px)"
-                                 transform: "none"
-                                 background-color: "rgb(230, 126, 34)"
                                }}
                                ref={function}
                              >
                            <motion.div className="absolute w..." style={{...}} initial={{...}} animate={{y:[...], ...}} ...>
                              <div
                                className="absolute w-1 h-1 rounded-full"
                                style={{
+                                 backgroundColor: "#E67E22"
+                                 opacity: 0.3
-                                 opacity: "0.3"
+                                 transform: "translateX(860.2505236774474px) translateY(511.7679356572885px)"
-                                 transform: "none"
-                                 background-color: "rgb(230, 126, 34)"
                                }}
                                ref={function}
                              >
                            <motion.div className="absolute w..." style={{...}} initial={{...}} animate={{y:[...], ...}} ...>
                              <div
                                className="absolute w-1 h-1 rounded-full"
                                style={{
+                                 backgroundColor: "#E67E22"
+                                 opacity: 0.3
-                                 opacity: "0.3"
+                                 transform: "translateX(827.7763275931097px) translateY(655.5911072006672px)"
-                                 transform: "none"
-                                 background-color: "rgb(230, 126, 34)"
                                }}
                                ref={function}
                              >
                            <motion.div className="absolute w..." style={{...}} initial={{...}} animate={{y:[...], ...}} ...>
                              <div
                                className="absolute w-1 h-1 rounded-full"
                                style={{
+                                 backgroundColor: "#E67E22"
+                                 opacity: 0.3
-                                 opacity: "0.3"
+                                 transform: "translateX(155.75199020414993px) translateY(617.5842487194273px)"
-                                 transform: "none"
-                                 background-color: "rgb(230, 126, 34)"
                                }}
                                ref={function}
                              >
                            <motion.div className="absolute w..." style={{...}} initial={{...}} animate={{y:[...], ...}} ...>
                              <div
                                className="absolute w-1 h-1 rounded-full"
                                style={{
+                                 backgroundColor: "#E67E22"
+                                 opacity: 0.3
-                                 opacity: "0.3"
+                                 transform: "translateX(802.1652411604235px) translateY(322.04025821517314px)"
-                                 transform: "none"
-                                 background-color: "rgb(230, 126, 34)"
                                }}
                                ref={function}
                              >
                            <motion.div className="absolute w..." style={{...}} initial={{...}} animate={{y:[...], ...}} ...>
                              <div
                                className="absolute w-1 h-1 rounded-full"
                                style={{
+                                 backgroundColor: "#E67E22"
+                                 opacity: 0.3
-                                 opacity: "0.3"
+                                 transform: "translateX(860.9549716054826px) translateY(23.29291367714382px)"
-                                 transform: "none"
-                                 background-color: "rgb(230, 126, 34)"
                                }}
                                ref={function}
                              >
                            <motion.div className="absolute w..." style={{...}} initial={{...}} animate={{y:[...], ...}} ...>
                              <div
                                className="absolute w-1 h-1 rounded-full"
                                style={{
+                                 backgroundColor: "#E67E22"
+                                 opacity: 0.3
-                                 opacity: "0.3"
+                                 transform: "translateX(884.1432441818132px) translateY(97.03541264896829px)"
-                                 transform: "none"
-                                 background-color: "rgb(230, 126, 34)"
                                }}
                                ref={function}
                              >
                            <motion.div className="absolute w..." style={{...}} initial={{...}} animate={{y:[...], ...}} ...>
                              <div
                                className="absolute w-1 h-1 rounded-full"
                                style={{
+                                 backgroundColor: "#E67E22"
+                                 opacity: 0.3
-                                 opacity: "0.3"
+                                 transform: "translateX(27.677965339670635px) translateY(318.4266600308484px)"
-                                 transform: "none"
-                                 background-color: "rgb(230, 126, 34)"
                                }}
                                ref={function}
                              >
                            <motion.div className="absolute w..." style={{...}} initial={{...}} animate={{y:[...], ...}} ...>
                              <div
                                className="absolute w-1 h-1 rounded-full"
                                style={{
+                                 backgroundColor: "#E67E22"
+                                 opacity: 0.3
-                                 opacity: "0.3"
+                                 transform: "translateX(827.5677892033295px) translateY(872.5048822720174px)"
-                                 transform: "none"
-                                 background-color: "rgb(230, 126, 34)"
                                }}
                                ref={function}
                              >
                            <motion.div className="absolute w..." style={{...}} initial={{...}} animate={{y:[...], ...}} ...>
                              <div
                                className="absolute w-1 h-1 rounded-full"
                                style={{
+                                 backgroundColor: "#E67E22"
+                                 opacity: 0.3
-                                 opacity: "0.3"
+                                 transform: "translateX(484.7990608013322px) translateY(475.6324448880778px)"
-                                 transform: "none"
-                                 background-color: "rgb(230, 126, 34)"
                                }}
                                ref={function}
                              >
                            <motion.div className="absolute w..." style={{...}} initial={{...}} animate={{y:[...], ...}} ...>
                              <div
                                className="absolute w-1 h-1 rounded-full"
                                style={{
+                                 backgroundColor: "#E67E22"
+                                 opacity: 0.3
-                                 opacity: "0.3"
+                                 transform: "translateX(150.0202271231611px) translateY(661.6697613855954px)"
-                                 transform: "none"
-                                 background-color: "rgb(230, 126, 34)"
                                }}
                                ref={function}
                              >
                            <motion.div className="absolute w..." style={{...}} initial={{...}} animate={{y:[...], ...}} ...>
                              <div
                                className="absolute w-1 h-1 rounded-full"
                                style={{
+                                 backgroundColor: "#E67E22"
+                                 opacity: 0.3
-                                 opacity: "0.3"
+                                 transform: "translateX(573.8958425111196px) translateY(519.963019050604px)"
-                                 transform: "none"
-                                 background-color: "rgb(230, 126, 34)"
                                }}
                                ref={function}
                              >
                            <motion.div className="absolute w..." style={{...}} initial={{...}} animate={{y:[...], ...}} ...>
                              <div
                                className="absolute w-1 h-1 rounded-full"
                                style={{
+                                 backgroundColor: "#E67E22"
+                                 opacity: 0.3
-                                 opacity: "0.3"
+                                 transform: "translateX(235.43535275373287px) translateY(66.30097453455535px)"
-                                 transform: "none"
-                                 background-color: "rgb(230, 126, 34)"
                                }}
                                ref={function}
                              >
                            <motion.div className="absolute w..." style={{...}} initial={{...}} animate={{y:[...], ...}} ...>
                              <div
                                className="absolute w-1 h-1 rounded-full"
                                style={{
+                                 backgroundColor: "#E67E22"
+                                 opacity: 0.3
-                                 opacity: "0.3"
+                                 transform: "translateX(734.4839835007098px) translateY(538.3376696542971px)"
-                                 transform: "none"
-                                 background-color: "rgb(230, 126, 34)"
                                }}
                                ref={function}
                              >
                          ...
                  <ExpectedOutcomes>
                    <SlideShell id="slide-8">
                      <section id="slide-8" className="snap-start..." style={{...}}>
                        <div>
                        <Glow>
                        <Glow>
                        <div className="relative z...">
                          <div className="absolute i...">
                            <motion.div className="absolute w..." style={{...}} initial={{...}} animate={{y:[...], ...}} ...>
                              <div
                                className="absolute w-0.5 h-0.5 rounded-full"
                                style={{
+                                 backgroundColor: "#E67E22"
+                                 opacity: 0.15
-                                 opacity: "0.15"
+                                 transform: "translateX(50.042897196054994px) translateY(792.7086523398543px)"
-                                 transform: "none"
-                                 background-color: "rgb(230, 126, 34)"
                                }}
                                ref={function}
                              >
                            <motion.div className="absolute w..." style={{...}} initial={{...}} animate={{y:[...], ...}} ...>
                              <div
                                className="absolute w-0.5 h-0.5 rounded-full"
                                style={{
+                                 backgroundColor: "#E67E22"
+                                 opacity: 0.15
-                                 opacity: "0.15"
+                                 transform: "translateX(6.45868713449785px) translateY(479.4457692662673px)"
-                                 transform: "none"
-                                 background-color: "rgb(230, 126, 34)"
                                }}
                                ref={function}
                              >
                            <motion.div className="absolute w..." style={{...}} initial={{...}} animate={{y:[...], ...}} ...>
                              <div
                                className="absolute w-0.5 h-0.5 rounded-full"
                                style={{
+                                 backgroundColor: "#E67E22"
+                                 opacity: 0.15
-                                 opacity: "0.15"
+                                 transform: "translateX(718.8756966094357px) translateY(362.1839897143531px)"
-                                 transform: "none"
-                                 background-color: "rgb(230, 126, 34)"
                                }}
                                ref={function}
                              >
                            <motion.div className="absolute w..." style={{...}} initial={{...}} animate={{y:[...], ...}} ...>
                              <div
                                className="absolute w-0.5 h-0.5 rounded-full"
                                style={{
+                                 backgroundColor: "#E67E22"
+                                 opacity: 0.15
-                                 opacity: "0.15"
+                                 transform: "translateX(659.6602568735866px) translateY(225.15825827551447px)"
-                                 transform: "none"
-                                 background-color: "rgb(230, 126, 34)"
                                }}
                                ref={function}
                              >
                            <motion.div className="absolute w..." style={{...}} initial={{...}} animate={{y:[...], ...}} ...>
                              <div
                                className="absolute w-0.5 h-0.5 rounded-full"
                                style={{
+                                 backgroundColor: "#E67E22"
+                                 opacity: 0.15
-                                 opacity: "0.15"
+                                 transform: "translateX(491.0230322353732px) translateY(380.3801916498027px)"
-                                 transform: "none"
-                                 background-color: "rgb(230, 126, 34)"
                                }}
                                ref={function}
                              >
                            <motion.div className="absolute w..." style={{...}} initial={{...}} animate={{y:[...], ...}} ...>
                              <div
                                className="absolute w-0.5 h-0.5 rounded-full"
                                style={{
+                                 backgroundColor: "#E67E22"
+                                 opacity: 0.15
-                                 opacity: "0.15"
+                                 transform: "translateX(644.8010255704164px) translateY(519.4916399196529px)"
-                                 transform: "none"
-                                 background-color: "rgb(230, 126, 34)"
                                }}
                                ref={function}
                              >
                            <motion.div className="absolute w..." style={{...}} initial={{...}} animate={{y:[...], ...}} ...>
                              <div
                                className="absolute w-0.5 h-0.5 rounded-full"
                                style={{
+                                 backgroundColor: "#E67E22"
+                                 opacity: 0.15
-                                 opacity: "0.15"
+                                 transform: "translateX(238.10756665432902px) translateY(491.2330267581471px)"
-                                 transform: "none"
-                                 background-color: "rgb(230, 126, 34)"
                                }}
                                ref={function}
                              >
                            <motion.div className="absolute w..." style={{...}} initial={{...}} animate={{y:[...], ...}} ...>
                              <div
                                className="absolute w-0.5 h-0.5 rounded-full"
                                style={{
+                                 backgroundColor: "#E67E22"
+                                 opacity: 0.15
-                                 opacity: "0.15"
+                                 transform: "translateX(640.6742523848033px) translateY(868.706236583912px)"
-                                 transform: "none"
-                                 background-color: "rgb(230, 126, 34)"
                                }}
                                ref={function}
                              >
                            <motion.div className="absolute w..." style={{...}} initial={{...}} animate={{y:[...], ...}} ...>
                              <div
                                className="absolute w-0.5 h-0.5 rounded-full"
                                style={{
+                                 backgroundColor: "#E67E22"
+                                 opacity: 0.15
-                                 opacity: "0.15"
+                                 transform: "translateX(44.51400556082127px) translateY(357.741998293195px)"
-                                 transform: "none"
-                                 background-color: "rgb(230, 126, 34)"
                                }}
                                ref={function}
                              >
                            <motion.div className="absolute w..." style={{...}} initial={{...}} animate={{y:[...], ...}} ...>
                              <div
                                className="absolute w-0.5 h-0.5 rounded-full"
                                style={{
+                                 backgroundColor: "#E67E22"
+                                 opacity: 0.15
-                                 opacity: "0.15"
+                                 transform: "translateX(447.87403171297456px) translateY(597.0529869328657px)"
-                                 transform: "none"
-                                 background-color: "rgb(230, 126, 34)"
                                }}
                                ref={function}
                              >
                            <motion.div className="absolute w..." style={{...}} initial={{...}} animate={{y:[...], ...}} ...>
                              <div
                                className="absolute w-0.5 h-0.5 rounded-full"
                                style={{
+                                 backgroundColor: "#E67E22"
+                                 opacity: 0.15
-                                 opacity: "0.15"
+                                 transform: "translateX(899.7128788377685px) translateY(5.429803422867319px)"
-                                 transform: "none"
-                                 background-color: "rgb(230, 126, 34)"
                                }}
                                ref={function}
                              >
                            <motion.div className="absolute w..." style={{...}} initial={{...}} animate={{y:[...], ...}} ...>
                              <div
                                className="absolute w-0.5 h-0.5 rounded-full"
                                style={{
+                                 backgroundColor: "#E67E22"
+                                 opacity: 0.15
-                                 opacity: "0.15"
+                                 transform: "translateX(872.9300375208503px) translateY(266.64663797045927px)"
-                                 transform: "none"
-                                 background-color: "rgb(230, 126, 34)"
                                }}
                                ref={function}
                              >
                            <motion.div className="absolute w..." style={{...}} initial={{...}} animate={{y:[...], ...}} ...>
                              <div
                                className="absolute w-0.5 h-0.5 rounded-full"
                                style={{
+                                 backgroundColor: "#E67E22"
+                                 opacity: 0.15
-                                 opacity: "0.15"
+                                 transform: "translateX(905.9104604750428px) translateY(873.0605647020465px)"
-                                 transform: "none"
-                                 background-color: "rgb(230, 126, 34)"
                                }}
                                ref={function}
                              >
                            <motion.div className="absolute w..." style={{...}} initial={{...}} animate={{y:[...], ...}} ...>
                              <div
                                className="absolute w-0.5 h-0.5 rounded-full"
                                style={{
+                                 backgroundColor: "#E67E22"
+                                 opacity: 0.15
-                                 opacity: "0.15"
+                                 transform: "translateX(806.5204118097158px) translateY(894.7135647117846px)"
-                                 transform: "none"
-                                 background-color: "rgb(230, 126, 34)"
                                }}
                                ref={function}
                              >
                            <motion.div className="absolute w..." style={{...}} initial={{...}} animate={{y:[...], ...}} ...>
                              <div
                                className="absolute w-0.5 h-0.5 rounded-full"
                                style={{
+                                 backgroundColor: "#E67E22"
+                                 opacity: 0.15
-                                 opacity: "0.15"
+                                 transform: "translateX(622.997143261348px) translateY(367.1784221694377px)"
-                                 transform: "none"
-                                 background-color: "rgb(230, 126, 34)"
                                }}
                                ref={function}
                              >
                          ...
                  <InteractivePoll>
                    <SlideShell id="slide-poll">
                      <section id="slide-poll" className="snap-start..." style={{...}}>
                        <div>
                        <Glow>
                        <Glow>
                        <div className="relative z...">
                          <div className="absolute i...">
                            <motion.div>
                            <motion.div className="absolute w..." style={{...}} initial={{...}} animate={{y:[...], ...}} ...>
                              <div
                                className="absolute w-1.5 h-1.5 rounded-full"
                                style={{
+                                 backgroundColor: "#E67E22"
+                                 opacity: 0.3
-                                 opacity: "0.3"
+                                 transform: "translateX(342.894034718883px) translateY(648.9117103486051px)"
-                                 transform: "none"
-                                 background-color: "rgb(230, 126, 34)"
                                }}
                                ref={function}
                              >
                            <motion.div className="absolute w..." style={{...}} initial={{...}} animate={{y:[...], ...}} ...>
                              <div
                                className="absolute w-1.5 h-1.5 rounded-full"
                                style={{
+                                 backgroundColor: "#E67E22"
+                                 opacity: 0.3
-                                 opacity: "0.3"
+                                 transform: "translateX(130.11876010843423px) translateY(251.81780107751734px)"
-                                 transform: "none"
-                                 background-color: "rgb(230, 126, 34)"
                                }}
                                ref={function}
                              >
                            <motion.div className="absolute w..." style={{...}} initial={{...}} animate={{y:[...], ...}} ...>
                              <div
                                className="absolute w-1.5 h-1.5 rounded-full"
                                style={{
+                                 backgroundColor: "#E67E22"
+                                 opacity: 0.3
-                                 opacity: "0.3"
+                                 transform: "translateX(660.2311337051221px) translateY(319.1798616113468px)"
-                                 transform: "none"
-                                 background-color: "rgb(230, 126, 34)"
                                }}
                                ref={function}
                              >
                            <motion.div className="absolute w..." style={{...}} initial={{...}} animate={{y:[...], ...}} ...>
                              <div
                                className="absolute w-1.5 h-1.5 rounded-full"
                                style={{
+                                 backgroundColor: "#E67E22"
+                                 opacity: 0.3
-                                 opacity: "0.3"
+                                 transform: "translateX(797.6111821861468px) translateY(838.1588494630647px)"
-                                 transform: "none"
-                                 background-color: "rgb(230, 126, 34)"
                                }}
                                ref={function}
                              >
                            <motion.div className="absolute w..." style={{...}} initial={{...}} animate={{y:[...], ...}} ...>
                              <div
                                className="absolute w-1.5 h-1.5 rounded-full"
                                style={{
+                                 backgroundColor: "#E67E22"
+                                 opacity: 0.3
-                                 opacity: "0.3"
+                                 transform: "translateX(175.5603660877371px) translateY(783.1103316047911px)"
-                                 transform: "none"
-                                 background-color: "rgb(230, 126, 34)"
                                }}
                                ref={function}
                              >
                            <motion.div className="absolute w..." style={{...}} initial={{...}} animate={{y:[...], ...}} ...>
                              <div
                                className="absolute w-1.5 h-1.5 rounded-full"
                                style={{
+                                 backgroundColor: "#E67E22"
+                                 opacity: 0.3
-                                 opacity: "0.3"
+                                 transform: "translateX(547.4194218798215px) translateY(822.0244836504634px)"
-                                 transform: "none"
-                                 background-color: "rgb(230, 126, 34)"
                                }}
                                ref={function}
                              >
                            <motion.div className="absolute w..." style={{...}} initial={{...}} animate={{y:[...], ...}} ...>
                              <div
                                className="absolute w-1.5 h-1.5 rounded-full"
                                style={{
+                                 backgroundColor: "#E67E22"
+                                 opacity: 0.3
-                                 opacity: "0.3"
+                                 transform: "translateX(555.1559196303575px) translateY(381.8343756355245px)"
-                                 transform: "none"
-                                 background-color: "rgb(230, 126, 34)"
                                }}
                                ref={function}
                              >
                            <motion.div className="absolute w..." style={{...}} initial={{...}} animate={{y:[...], ...}} ...>
                              <div
                                className="absolute w-1.5 h-1.5 rounded-full"
                                style={{
+                                 backgroundColor: "#E67E22"
+                                 opacity: 0.3
-                                 opacity: "0.3"
+                                 transform: "translateX(496.4331609019106px) translateY(594.1521436043213px)"
-                                 transform: "none"
-                                 background-color: "rgb(230, 126, 34)"
                                }}
                                ref={function}
                              >
                            <motion.div className="absolute w..." style={{...}} initial={{...}} animate={{y:[...], ...}} ...>
                              <div
                                className="absolute w-1.5 h-1.5 rounded-full"
                                style={{
+                                 backgroundColor: "#E67E22"
+                                 opacity: 0.3
-                                 opacity: "0.3"
+                                 transform: "translateX(99.73304207603303px) translateY(81.15688566688192px)"
-                                 transform: "none"
-                                 background-color: "rgb(230, 126, 34)"
                                }}
                                ref={function}
                              >
                            <motion.div className="absolute w..." style={{...}} initial={{...}} animate={{y:[...], ...}} ...>
                              <div
                                className="absolute w-1.5 h-1.5 rounded-full"
                                style={{
+                                 backgroundColor: "#E67E22"
+                                 opacity: 0.3
-                                 opacity: "0.3"
+                                 transform: "translateX(437.81579656971616px) translateY(709.7731932840279px)"
-                                 transform: "none"
-                                 background-color: "rgb(230, 126, 34)"
                                }}
                                ref={function}
                              >
                            <motion.div className="absolute w..." style={{...}} initial={{...}} animate={{y:[...], ...}} ...>
                              <div
                                className="absolute w-1.5 h-1.5 rounded-full"
                                style={{
+                                 backgroundColor: "#E67E22"
+                                 opacity: 0.3
-                                 opacity: "0.3"
+                                 transform: "translateX(690.7576471623518px) translateY(100.91663848016555px)"
-                                 transform: "none"
-                                 background-color: "rgb(230, 126, 34)"
                                }}
                                ref={function}
                              >
                            <motion.div className="absolute w..." style={{...}} initial={{...}} animate={{y:[...], ...}} ...>
                              <div
                                className="absolute w-1.5 h-1.5 rounded-full"
                                style={{
+                                 backgroundColor: "#E67E22"
+                                 opacity: 0.3
-                                 opacity: "0.3"
+                                 transform: "translateX(887.8358732800086px) translateY(144.07409138209408px)"
-                                 transform: "none"
-                                 background-color: "rgb(230, 126, 34)"
                                }}
                                ref={function}
                              >
                            <motion.div className="absolute w..." style={{...}} initial={{...}} animate={{y:[...], ...}} ...>
                              <div
                                className="absolute w-1.5 h-1.5 rounded-full"
                                style={{
+                                 backgroundColor: "#E67E22"
+                                 opacity: 0.3
-                                 opacity: "0.3"
+                                 transform: "translateX(344.41194304576675px) translateY(711.2563228695896px)"
-                                 transform: "none"
-                                 background-color: "rgb(230, 126, 34)"
                                }}
                                ref={function}
                              >
                            <motion.div className="absolute w..." style={{...}} initial={{...}} animate={{y:[...], ...}} ...>
                              <div
                                className="absolute w-1.5 h-1.5 rounded-full"
                                style={{
+                                 backgroundColor: "#E67E22"
+                                 opacity: 0.3
-                                 opacity: "0.3"
+                                 transform: "translateX(346.79770419332306px) translateY(457.8990346205165px)"
-                                 transform: "none"
-                                 background-color: "rgb(230, 126, 34)"
                                }}
                                ref={function}
                              >
                            <motion.div className="absolute w..." style={{...}} initial={{...}} animate={{y:[...], ...}} ...>
                              <div
                                className="absolute w-1.5 h-1.5 rounded-full"
                                style={{
+                                 backgroundColor: "#E67E22"
+                                 opacity: 0.3
-                                 opacity: "0.3"
+                                 transform: "translateX(451.2230241199852px) translateY(642.9266362453576px)"
-                                 transform: "none"
-                                 background-color: "rgb(230, 126, 34)"
                                }}
                                ref={function}
                              >
                          ...
                  <Team>
                  <ThankYou>
                    <SlideShell id="slide-10">
                      <section id="slide-10" className="snap-start..." style={{...}}>
                        <div>
                        <Glow>
                        <Glow>
                        <div className="relative z...">
                          <div className="absolute i...">
                            <motion.div>
                            <motion.div className="absolute w..." style={{...}} initial={{...}} animate={{y:[...], ...}} ...>
                              <div
                                className="absolute w-1 h-1 rounded-full"
                                style={{
+                                 backgroundColor: "#E67E22"
+                                 opacity: 0.2
-                                 opacity: "0.2"
+                                 transform: "translateX(257.5295413023891px) translateY(727.8688958447169px)"
-                                 transform: "none"
-                                 background-color: "rgb(230, 126, 34)"
                                }}
                                ref={function}
                              >
                            <motion.div className="absolute w..." style={{...}} initial={{...}} animate={{y:[...], ...}} ...>
                              <div
                                className="absolute w-1 h-1 rounded-full"
                                style={{
+                                 backgroundColor: "#E67E22"
+                                 opacity: 0.2
-                                 opacity: "0.2"
+                                 transform: "translateX(314.3998888970874px) translateY(872.500079539306px)"
-                                 transform: "none"
-                                 background-color: "rgb(230, 126, 34)"
                                }}
                                ref={function}
                              >
                            <motion.div className="absolute w..." style={{...}} initial={{...}} animate={{y:[...], ...}} ...>
                              <div
                                className="absolute w-1 h-1 rounded-full"
                                style={{
+                                 backgroundColor: "#E67E22"
+                                 opacity: 0.2
-                                 opacity: "0.2"
+                                 transform: "translateX(146.8050176222232px) translateY(12.22876680044887px)"
-                                 transform: "none"
-                                 background-color: "rgb(230, 126, 34)"
                                }}
                                ref={function}
                              >
                            <motion.div className="absolute w..." style={{...}} initial={{...}} animate={{y:[...], ...}} ...>
                              <div
                                className="absolute w-1 h-1 rounded-full"
                                style={{
+                                 backgroundColor: "#E67E22"
+                                 opacity: 0.2
-                                 opacity: "0.2"
+                                 transform: "translateX(298.4506409662165px) translateY(119.7140454408245px)"
-                                 transform: "none"
-                                 background-color: "rgb(230, 126, 34)"
                                }}
                                ref={function}
                              >
                            <motion.div className="absolute w..." style={{...}} initial={{...}} animate={{y:[...], ...}} ...>
                              <div
                                className="absolute w-1 h-1 rounded-full"
                                style={{
+                                 backgroundColor: "#E67E22"
+                                 opacity: 0.2
-                                 opacity: "0.2"
+                                 transform: "translateX(321.26372776720194px) translateY(116.02513548390054px)"
-                                 transform: "none"
-                                 background-color: "rgb(230, 126, 34)"
                                }}
                                ref={function}
                              >
                            <motion.div className="absolute w..." style={{...}} initial={{...}} animate={{y:[...], ...}} ...>
                              <div
                                className="absolute w-1 h-1 rounded-full"
                                style={{
+                                 backgroundColor: "#E67E22"
+                                 opacity: 0.2
-                                 opacity: "0.2"
+                                 transform: "translateX(852.3428645948387px) translateY(583.9433294778606px)"
-                                 transform: "none"
-                                 background-color: "rgb(230, 126, 34)"
                                }}
                                ref={function}
                              >
                            <motion.div className="absolute w..." style={{...}} initial={{...}} animate={{y:[...], ...}} ...>
                              <div
                                className="absolute w-1 h-1 rounded-full"
                                style={{
+                                 backgroundColor: "#E67E22"
+                                 opacity: 0.2
-                                 opacity: "0.2"
+                                 transform: "translateX(288.2683652768534px) translateY(835.5687012004046px)"
-                                 transform: "none"
-                                 background-color: "rgb(230, 126, 34)"
                                }}
                                ref={function}
                              >
                            <motion.div className="absolute w..." style={{...}} initial={{...}} animate={{y:[...], ...}} ...>
                              <div
                                className="absolute w-1 h-1 rounded-full"
                                style={{
+                                 backgroundColor: "#E67E22"
+                                 opacity: 0.2
-                                 opacity: "0.2"
+                                 transform: "translateX(155.07806003360517px) translateY(567.4925947686113px)"
-                                 transform: "none"
-                                 background-color: "rgb(230, 126, 34)"
                                }}
                                ref={function}
                              >
                            <motion.div className="absolute w..." style={{...}} initial={{...}} animate={{y:[...], ...}} ...>
                              <div
                                className="absolute w-1 h-1 rounded-full"
                                style={{
+                                 backgroundColor: "#E67E22"
+                                 opacity: 0.2
-                                 opacity: "0.2"
+                                 transform: "translateX(678.7954434742351px) translateY(131.93068990847945px)"
-                                 transform: "none"
-                                 background-color: "rgb(230, 126, 34)"
                                }}
                                ref={function}
                              >
                            <motion.div className="absolute w..." style={{...}} initial={{...}} animate={{y:[...], ...}} ...>
                              <div
                                className="absolute w-1 h-1 rounded-full"
                                style={{
+                                 backgroundColor: "#E67E22"
+                                 opacity: 0.2
-                                 opacity: "0.2"
+                                 transform: "translateX(40.91206614627303px) translateY(684.1825267727722px)"
-                                 transform: "none"
-                                 background-color: "rgb(230, 126, 34)"
                                }}
                                ref={function}
                              >
                            <motion.div className="absolute w..." style={{...}} initial={{...}} animate={{y:[...], ...}} ...>
                              <div
                                className="absolute w-1 h-1 rounded-full"
                                style={{
+                                 backgroundColor: "#E67E22"
+                                 opacity: 0.2
-                                 opacity: "0.2"
+                                 transform: "translateX(508.8044917042569px) translateY(435.8952859841035px)"
-                                 transform: "none"
-                                 background-color: "rgb(230, 126, 34)"
                                }}
                                ref={function}
                              >
                            <motion.div className="absolute w..." style={{...}} initial={{...}} animate={{y:[...], ...}} ...>
                              <div
                                className="absolute w-1 h-1 rounded-full"
                                style={{
+                                 backgroundColor: "#E67E22"
+                                 opacity: 0.2
-                                 opacity: "0.2"
+                                 transform: "translateX(562.2139162076338px) translateY(624.5319211409338px)"
-                                 transform: "none"
-                                 background-color: "rgb(230, 126, 34)"
                                }}
                                ref={function}
                              >
                            <motion.div className="absolute w..." style={{...}} initial={{...}} animate={{y:[...], ...}} ...>
                              <div
                                className="absolute w-1 h-1 rounded-full"
                                style={{
+                                 backgroundColor: "#E67E22"
+                                 opacity: 0.2
-                                 opacity: "0.2"
+                                 transform: "translateX(840.1027671343812px) translateY(911.8647368379303px)"
-                                 transform: "none"
-                                 background-color: "rgb(230, 126, 34)"
                                }}
                                ref={function}
                              >
                            <motion.div className="absolute w..." style={{...}} initial={{...}} animate={{y:[...], ...}} ...>
                              <div
                                className="absolute w-1 h-1 rounded-full"
                                style={{
+                                 backgroundColor: "#E67E22"
+                                 opacity: 0.2
-                                 opacity: "0.2"
+                                 transform: "translateX(887.789072347591px) translateY(504.78881078140915px)"
-                                 transform: "none"
-                                 background-color: "rgb(230, 126, 34)"
                                }}
                                ref={function}
                              >
                            <motion.div className="absolute w..." style={{...}} initial={{...}} animate={{y:[...], ...}} ...>
                              <div
                                className="absolute w-1 h-1 rounded-full"
                                style={{
+                                 backgroundColor: "#E67E22"
+                                 opacity: 0.2
-                                 opacity: "0.2"
+                                 transform: "translateX(309.4764361717538px) translateY(312.31860570565186px)"
-                                 transform: "none"
-                                 background-color: "rgb(230, 126, 34)"
                                }}
                                ref={function}
                              >
                            <motion.div className="absolute w..." style={{...}} initial={{...}} animate={{y:[...], ...}} ...>
                              <div
                                className="absolute w-1 h-1 rounded-full"
                                style={{
+                                 backgroundColor: "#E67E22"
+                                 opacity: 0.2
-                                 opacity: "0.2"
+                                 transform: "translateX(343.95707398337726px) translateY(534.5115595943405px)"
-                                 transform: "none"
-                                 background-color: "rgb(230, 126, 34)"
                                }}
                                ref={function}
                              >
                            <motion.div className="absolute w..." style={{...}} initial={{...}} animate={{y:[...], ...}} ...>
                              <div
                                className="absolute w-1 h-1 rounded-full"
                                style={{
+                                 backgroundColor: "#E67E22"
+                                 opacity: 0.2
-                                 opacity: "0.2"
+                                 transform: "translateX(526.9735732170508px) translateY(54.46422123114744px)"
-                                 transform: "none"
-                                 background-color: "rgb(230, 126, 34)"
                                }}
                                ref={function}
                              >
                            <motion.div className="absolute w..." style={{...}} initial={{...}} animate={{y:[...], ...}} ...>
                              <div
                                className="absolute w-1 h-1 rounded-full"
                                style={{
+                                 backgroundColor: "#E67E22"
+                                 opacity: 0.2
-                                 opacity: "0.2"
+                                 transform: "translateX(785.8372542559121px) translateY(93.9269807612127px)"
-                                 transform: "none"
-                                 background-color: "rgb(230, 126, 34)"
                                }}
                                ref={function}
                              >
                            <motion.div className="absolute w..." style={{...}} initial={{...}} animate={{y:[...], ...}} ...>
                              <div
                                className="absolute w-1 h-1 rounded-full"
                                style={{
+                                 backgroundColor: "#E67E22"
+                                 opacity: 0.2
-                                 opacity: "0.2"
+                                 transform: "translateX(919.7306659204979px) translateY(356.0855660545226px)"
-                                 transform: "none"
-                                 background-color: "rgb(230, 126, 34)"
                                }}
                                ref={function}
                              >
                            <motion.div className="absolute w..." style={{...}} initial={{...}} animate={{y:[...], ...}} ...>
                              <div
                                className="absolute w-1 h-1 rounded-full"
                                style={{
+                                 backgroundColor: "#E67E22"
+                                 opacity: 0.2
-                                 opacity: "0.2"
+                                 transform: "translateX(765.0083385339799px) translateY(699.1523348723264px)"
-                                 transform: "none"
-                                 background-color: "rgb(230, 126, 34)"
                                }}
                                ref={function}
                              >
                            ...
                          ...
                  ...
 @ http://localhost:8080/node_modules/.vite/deps/react-dom_client.js?v=812b95d1:4072
